Project.clutch.ID,Breeding.year,Common.species,Latin.species,Analyses.breeding.habitat.type,Region.Country,Region.County,county,Region.central.longitude.coordinate,Region.central.latitude.coordinate,Clutch.size,Clutch.no.eggs.Hatched,Clutch.no.eggs.Failed,Clutch.no.eggs.Abandoned,Clutch.no.eggs.Predated,Clutch.no.eggs.Damaged,Clutch.no.eggs.Unknown,Phase.1.failed.only,Phase.2.failed.only,Phase.3.failed.only,NA.and.Unknown.embryo.mortality.data.failed.only,Phase.1.failedandabandoned,Phase.2.failedandabandoned,Phase.3.failedandabandoned,NA.and.Unknown.embryo.mortality.data.failedandabandoned,Hatched,Incubation.type
Headstart.Clutch.1,2022,Eurasian Curlew,Numenius arquata,Military,England,Lincolnshire,['Lincolnshire'],-0.2388,53.111,3,3,0,0,0,0,0,0,0,0,0,NA,NA,NA,NA,3,Headstart
Headstart.Clutch.2,2022,Eurasian Curlew,Numenius arquata,Military,England,Lincolnshire,['Lincolnshire'],-0.2388,53.111,4,2,2,0,0,0,0,1,0,0,1,NA,NA,NA,NA,2,Headstart
Headstart.Clutch.3,2022,Eurasian Curlew,Numenius arquata,Military,England,Norfolk,['Norfolk'],0.9647,52.6712,4,4,0,0,0,0,0,0,0,0,0,NA,NA,NA,NA,4,Headstart
Headstart.Clutch.4,2022,Eurasian Curlew,Numenius arquata,Military,England,Lincolnshire,['Lincolnshire'],-0.2388,53.111,4,2,2,0,0,0,0,2,0,0,0,NA,NA,NA,NA,2,Headstart
Headstart.Clutch.5,2022,Eurasian Curlew,Numenius arquata,Military,England,Norfolk,['Norfolk'],0.9647,52.6712,4,4,0,0,0,0,0,0,0,0,0,NA,NA,NA,NA,4,Headstart
Headstart.Clutch.6,2022,Eurasian Curlew,Numenius arquata,Military,England,Norfolk,['Norfolk'],0.9647,52.6712,3,3,0,0,0,0,0,0,0,0,0,NA,NA,NA,NA,3,Headstart
Headstart.Clutch.7,2022,Eurasian Curlew,Numenius arquata,Military,England,Lincolnshire,['Lincolnshire'],-0.2388,53.111,4,4,0,0,0,0,0,0,0,0,0,NA,NA,NA,NA,4,Headstart
Headstart.Clutch.8,2022,Eurasian Curlew,Numenius arquata,Military,England,Lincolnshire,['Lincolnshire'],-0.2388,53.111,4,3,0,0,0,1,0,0,0,0,0,NA,NA,NA,NA,3,Headstart
Headstart.Clutch.9,2022,Eurasian Curlew,Numenius arquata,Military,England,Lincolnshire,['Lincolnshire'],-0.2388,53.111,4,3,1,0,0,0,0,0,1,0,0,NA,NA,NA,NA,3,Headstart
Headstart.Clutch.10,2022,Eurasian Curlew,Numenius arquata,Military,England,Lincolnshire,['Lincolnshire'],-0.2388,53.111,4,3,1,0,0,0,0,0,1,0,0,NA,NA,NA,NA,3,Headstart
Headstart.Clutch.11,2022,Eurasian Curlew,Numenius arquata,Military,England,Norfolk,['Norfolk'],0.9647,52.6712,4,3,0,0,0,1,0,0,0,0,0,NA,NA,NA,NA,3,Headstart
Headstart.Clutch.12,2022,Eurasian Curlew,Numenius arquata,Military,England,Lincolnshire,['Lincolnshire'],-0.2388,53.111,4,3,1,0,0,0,0,1,0,0,0,NA,NA,NA,NA,3,Headstart
Headstart.Clutch.13,2022,Eurasian Curlew,Numenius arquata,Military,England,Lincolnshire,['Lincolnshire'],-0.2388,53.111,4,4,0,0,0,0,0,0,0,0,0,NA,NA,NA,NA,4,Headstart
Headstart.Clutch.14,2022,Eurasian Curlew,Numenius arquata,Military,England,Lincolnshire,['Lincolnshire'],-0.2388,53.111,4,4,0,0,0,0,0,0,0,0,0,NA,NA,NA,NA,4,Headstart
Headstart.Clutch.15,2022,Eurasian Curlew,Numenius arquata,Military,England,Norfolk,['Norfolk'],0.9647,52.6712,4,3,1,0,0,0,0,0,0,1,0,NA,NA,NA,NA,3,Headstart
Headstart.Clutch.16,2022,Eurasian Curlew,Numenius arquata,Grassland,Republic of Ireland,Monaghan,County Monaghan,-6.9418,54.1619,4,4,0,0,0,0,0,0,0,0,0,NA,NA,NA,NA,4,Headstart
Headstart.Clutch.17,2022,Eurasian Curlew,Numenius arquata,Grassland,England,North Yorkshire,['North Yorkshire'],-1.5503,54.0937,4,1,3,0,0,0,0,1,0,0,2,NA,NA,NA,NA,1,Headstart
Headstart.Clutch.18,2023,Eurasian Curlew,Numenius arquata,Military,England,North Yorkshire,['North Yorkshire'],-1.5503,54.0937,4,4,0,0,0,0,0,0,0,0,0,NA,NA,NA,NA,4,Headstart
Headstart.Clutch.19,2023,Eurasian Curlew,Numenius arquata,NA,England,Shropshire,['Shropshire'],-2.7367,52.6221,3,2,1,0,0,0,0,0,0,1,0,NA,NA,NA,NA,2,Headstart
Headstart.Clutch.20,2023,Eurasian Curlew,Numenius arquata,Military,England,North Yorkshire,['North Yorkshire'],-1.5503,54.0937,4,3,1,0,0,0,0,1,0,0,0,NA,NA,NA,NA,3,Headstart
Headstart.Clutch.21,2023,Eurasian Curlew,Numenius arquata,NA,England,Shropshire,['Shropshire'],-2.7367,52.6221,4,4,0,0,0,0,0,0,0,0,0,NA,NA,NA,NA,4,Headstart
Headstart.Clutch.22,2023,Eurasian Curlew,Numenius arquata,Military,England,NA,NA,NA,NA,3,2,1,0,0,0,0,1,0,0,0,NA,NA,NA,NA,2,Headstart
Headstart.Clutch.23,2023,Eurasian Curlew,Numenius arquata,NA,England,Shropshire,['Shropshire'],-2.7367,52.6221,3,3,0,0,0,0,0,0,0,0,0,NA,NA,NA,NA,3,Headstart
Headstart.Clutch.24,2023,Eurasian Curlew,Numenius arquata,NA,England,Shropshire,['Shropshire'],-2.7367,52.6221,3,3,0,0,0,0,0,0,0,0,0,NA,NA,NA,NA,3,Headstart
Headstart.Clutch.25,2023,Eurasian Curlew,Numenius arquata,Military,England,Cambridgeshire,['Cambridgeshire'],-0.2351,52.3497,3,2,1,0,0,0,0,1,0,0,0,NA,NA,NA,NA,2,Headstart
Headstart.Clutch.26,2023,Eurasian Curlew,Numenius arquata,NA,England,Shropshire,['Shropshire'],-2.7367,52.6221,3,3,0,0,0,0,0,0,0,0,0,NA,NA,NA,NA,3,Headstart
Headstart.Clutch.27,2023,Eurasian Curlew,Numenius arquata,Military,England,Lincolnshire,['Lincolnshire'],-0.2388,53.111,4,4,0,0,0,0,0,0,0,0,0,NA,NA,NA,NA,4,Headstart
Headstart.Clutch.28,2023,Eurasian Curlew,Numenius arquata,NA,England,Shropshire,['Shropshire'],-2.7367,52.6221,3,3,0,0,0,0,0,0,0,0,0,NA,NA,NA,NA,3,Headstart
Headstart.Clutch.29,2023,Eurasian Curlew,Numenius arquata,Military,England,Lincolnshire,['Lincolnshire'],-0.2388,53.111,1,1,0,0,0,0,0,0,0,0,0,NA,NA,NA,NA,1,Headstart
Headstart.Clutch.30,2023,Eurasian Curlew,Numenius arquata,NA,England,Shropshire,['Shropshire'],-2.7367,52.6221,4,4,0,0,0,0,0,0,0,0,0,NA,NA,NA,NA,4,Headstart
Headstart.Clutch.31,2023,Eurasian Curlew,Numenius arquata,Military,England,Norfolk,['Norfolk'],0.9647,52.6712,4,4,0,0,0,0,0,0,0,0,0,NA,NA,NA,NA,4,Headstart
Headstart.Clutch.32,2023,Eurasian Curlew,Numenius arquata,NA,England,Shropshire,['Shropshire'],-2.7367,52.6221,3,2,1,0,0,0,0,1,0,0,0,NA,NA,NA,NA,2,Headstart
Headstart.Clutch.33,2023,Eurasian Curlew,Numenius arquata,Military,England,Norfolk,['Norfolk'],0.9647,52.6712,4,4,0,0,0,0,0,0,0,0,0,NA,NA,NA,NA,4,Headstart
Headstart.Clutch.34,2023,Eurasian Curlew,Numenius arquata,NA,England,Shropshire,['Shropshire'],-2.7367,52.6221,2,1,1,0,0,0,0,0,1,0,0,NA,NA,NA,NA,1,Headstart
Headstart.Clutch.35,2023,Eurasian Curlew,Numenius arquata,Military,England,North Yorkshire,['North Yorkshire'],-1.5503,54.0937,4,4,0,0,0,0,0,0,0,0,0,NA,NA,NA,NA,4,Headstart
Headstart.Clutch.36,2023,Eurasian Curlew,Numenius arquata,NA,England,Shropshire,['Shropshire'],-2.7367,52.6221,4,3,1,0,0,0,0,0,0,1,0,NA,NA,NA,NA,3,Headstart
Headstart.Clutch.37,2023,Eurasian Curlew,Numenius arquata,Military,England,Lincolnshire,['Lincolnshire'],-0.2388,53.111,4,4,0,0,0,0,0,0,0,0,0,NA,NA,NA,NA,4,Headstart
Headstart.Clutch.38,2023,Eurasian Curlew,Numenius arquata,NA,England,Shropshire,['Shropshire'],-2.7367,52.6221,3,3,0,0,0,0,0,0,0,0,0,NA,NA,NA,NA,3,Headstart
Headstart.Clutch.39,2023,Eurasian Curlew,Numenius arquata,Military,England,Lincolnshire,['Lincolnshire'],-0.2388,53.111,3,2,1,0,0,0,0,0,0,1,0,NA,NA,NA,NA,2,Headstart
Headstart.Clutch.40,2023,Eurasian Curlew,Numenius arquata,NA,England,Shropshire,['Shropshire'],-2.7367,52.6221,4,4,0,0,0,0,0,0,0,0,0,NA,NA,NA,NA,4,Headstart
Headstart.Clutch.41,2023,Eurasian Curlew,Numenius arquata,Military,England,NA,NA,NA,NA,4,4,0,0,0,0,0,0,0,0,0,NA,NA,NA,NA,4,Headstart
Headstart.Clutch.42,2023,Eurasian Curlew,Numenius arquata,Military,England,Lincolnshire,['Lincolnshire'],-0.2388,53.111,4,0,3,0,0,0,1,2,0,0,1,NA,NA,NA,NA,0,Headstart
Headstart.Clutch.43,2023,Eurasian Curlew,Numenius arquata,Military,England,Norfolk,['Norfolk'],0.9647,52.6712,4,3,1,0,0,0,0,0,0,1,0,NA,NA,NA,NA,3,Headstart
Headstart.Clutch.44,2023,Eurasian Curlew,Numenius arquata,Military,England,Lincolnshire,['Lincolnshire'],-0.2388,53.111,4,2,2,0,0,0,0,0,0,2,0,NA,NA,NA,NA,2,Headstart
Headstart.Clutch.45,2023,Eurasian Curlew,Numenius arquata,Military,England,Lincolnshire,['Lincolnshire'],-0.2388,53.111,2,1,1,0,0,0,0,0,0,1,0,NA,NA,NA,NA,1,Headstart
Headstart.Clutch.46,2023,Eurasian Curlew,Numenius arquata,Military,England,Lincolnshire,['Lincolnshire'],-0.2388,53.111,3,0,3,0,0,0,0,0,0,3,0,NA,NA,NA,NA,0,Headstart
Headstart.Clutch.47,2023,Eurasian Curlew,Numenius arquata,Moorland,England,North Yorkshire,['North Yorkshire'],-1.5503,54.0937,4,3,0,0,0,0,1,0,0,0,0,NA,NA,NA,NA,3,Headstart
Headstart.Clutch.48,2023,Eurasian Curlew,Numenius arquata,Grassland,England,North Yorkshire,['North Yorkshire'],-1.5503,54.0937,4,3,0,0,0,0,1,0,0,0,0,NA,NA,NA,NA,3,Headstart
Headstart.Clutch.49,2023,Eurasian Curlew,Numenius arquata,Moorland,England,North Yorkshire,['North Yorkshire'],-1.5503,54.0937,3,2,1,0,0,0,0,0,1,0,0,NA,NA,NA,NA,2,Headstart
Headstart.Clutch.50,2023,Eurasian Curlew,Numenius arquata,Moorland,England,North Yorkshire,['North Yorkshire'],-1.5503,54.0937,4,2,0,0,0,0,2,0,0,0,0,NA,NA,NA,NA,2,Headstart
Headstart.Clutch.51,2023,Eurasian Curlew,Numenius arquata,Grassland,England,North Yorkshire,['North Yorkshire'],-1.5503,54.0937,3,3,0,0,0,0,0,0,0,0,0,NA,NA,NA,NA,3,Headstart
Headstart.Clutch.52,2023,Eurasian Curlew,Numenius arquata,Moorland,England,North Yorkshire,['North Yorkshire'],-1.5503,54.0937,3,3,0,0,0,0,0,0,0,0,0,NA,NA,NA,NA,3,Headstart
Headstart.Clutch.53,2023,Eurasian Curlew,Numenius arquata,Grassland,England,North Yorkshire,['North Yorkshire'],-1.5503,54.0937,3,3,0,0,0,0,0,0,0,0,0,NA,NA,NA,NA,3,Headstart
Headstart.Clutch.54,2023,Eurasian Curlew,Numenius arquata,Grassland,England,North Yorkshire,['North Yorkshire'],-1.5503,54.0937,3,2,1,0,0,0,0,0,0,1,0,NA,NA,NA,NA,2,Headstart
Headstart.Clutch.55,2023,Eurasian Curlew,Numenius arquata,Grassland,England,North Yorkshire,['North Yorkshire'],-1.5503,54.0937,4,3,0,0,0,0,1,0,0,0,0,NA,NA,NA,NA,3,Headstart
Headstart.Clutch.56,2023,Eurasian Curlew,Numenius arquata,Grassland,England,North Yorkshire,['North Yorkshire'],-1.5503,54.0937,3,3,0,0,0,0,0,0,0,0,0,NA,NA,NA,NA,3,Headstart
Headstart.Clutch.57,2023,Eurasian Curlew,Numenius arquata,Grassland,England,North Yorkshire,['North Yorkshire'],-1.5503,54.0937,4,3,0,0,0,0,1,0,0,0,0,NA,NA,NA,NA,3,Headstart
Headstart.Clutch.58,2023,Eurasian Curlew,Numenius arquata,Moorland,England,North Yorkshire,['North Yorkshire'],-1.5503,54.0937,4,3,0,0,0,0,1,0,0,0,0,NA,NA,NA,NA,3,Headstart
Headstart.Clutch.59,2023,Eurasian Curlew,Numenius arquata,Grassland,England,North Yorkshire,['North Yorkshire'],-1.5503,54.0937,4,4,0,0,0,0,0,0,0,0,0,NA,NA,NA,NA,4,Headstart
Headstart.Clutch.60,2023,Eurasian Curlew,Numenius arquata,Grassland,England,North Yorkshire,['North Yorkshire'],-1.5503,54.0937,4,4,0,0,0,0,0,0,0,0,0,NA,NA,NA,NA,4,Headstart
Headstart.Clutch.61,2023,Eurasian Curlew,Numenius arquata,Grassland,England,North Yorkshire,['North Yorkshire'],-1.5503,54.0937,5,4,0,0,0,0,1,0,0,0,0,NA,NA,NA,NA,4,Headstart
Headstart.Clutch.62,2023,Eurasian Curlew,Numenius arquata,Moorland,England,North Yorkshire,['North Yorkshire'],-1.5503,54.0937,4,3,0,0,0,0,1,0,0,0,0,NA,NA,NA,NA,3,Headstart
Headstart.Clutch.63,2023,Eurasian Curlew,Numenius arquata,Moorland,England,North Yorkshire,['North Yorkshire'],-1.5503,54.0937,4,4,0,0,0,0,0,0,0,0,0,NA,NA,NA,NA,4,Headstart
Headstart.Clutch.64,2023,Eurasian Curlew,Numenius arquata,Moorland,England,North Yorkshire,['North Yorkshire'],-1.5503,54.0937,4,4,0,0,0,0,0,0,0,0,0,NA,NA,NA,NA,4,Headstart
Headstart.Clutch.65,2023,Eurasian Curlew,Numenius arquata,Moorland,England,North Yorkshire,['North Yorkshire'],-1.5503,54.0937,3,3,0,0,0,0,0,0,0,0,0,NA,NA,NA,NA,3,Headstart
Headstart.Clutch.66,2023,Eurasian Curlew,Numenius arquata,Grassland,England,North Yorkshire,['North Yorkshire'],-1.5503,54.0937,4,4,0,0,0,0,0,0,0,0,0,NA,NA,NA,NA,4,Headstart
Headstart.Clutch.67,2023,Eurasian Curlew,Numenius arquata,Moorland,England,North Yorkshire,['North Yorkshire'],-1.5503,54.0937,4,1,3,0,0,0,0,1,1,0,1,NA,NA,NA,NA,1,Headstart
Headstart.Clutch.68,2023,Eurasian Curlew,Numenius arquata,Moorland,England,North Yorkshire,['North Yorkshire'],-1.5503,54.0937,2,2,0,0,0,0,0,0,0,0,0,NA,NA,NA,NA,2,Headstart
Headstart.Clutch.69,2023,Eurasian Curlew,Numenius arquata,Grassland,England,North Yorkshire,['North Yorkshire'],-1.5503,54.0937,4,2,0,0,0,0,2,0,0,0,0,NA,NA,NA,NA,2,Headstart
Headstart.Clutch.70,2024,Eurasian Curlew,Numenius arquata,Military,England,Suffolk,['Suffolk'],1.0492,52.2539,4,2,2,0,0,0,0,2,0,0,0,NA,NA,NA,NA,2,Headstart
Headstart.Clutch.71,2024,Eurasian Curlew,Numenius arquata,Military,England,Gloucestershire,['Gloucestershire'],-2.1524,51.8197,4,3,1,0,0,0,0,1,0,0,0,NA,NA,NA,NA,3,Headstart
Headstart.Clutch.72,2024,Eurasian Curlew,Numenius arquata,Military,England,North Yorkshire,['North Yorkshire'],-1.5503,54.0937,4,4,0,0,0,0,0,0,0,0,0,NA,NA,NA,NA,4,Headstart
Headstart.Clutch.73,2024,Eurasian Curlew,Numenius arquata,Military,England,North Yorkshire,['North Yorkshire'],-1.5503,54.0937,4,3,1,0,0,0,0,0,0,1,0,NA,NA,NA,NA,3,Headstart
Headstart.Clutch.74,2024,Eurasian Curlew,Numenius arquata,Military,England,North Yorkshire,['North Yorkshire'],-1.5503,54.0937,3,3,0,0,0,0,0,0,0,0,0,NA,NA,NA,NA,3,Headstart
Headstart.Clutch.75,2024,Eurasian Curlew,Numenius arquata,Military,England,Lincolnshire,['Lincolnshire'],-0.2388,53.111,3,2,1,0,0,0,0,0,0,1,0,NA,NA,NA,NA,2,Headstart
Headstart.Clutch.76,2024,Eurasian Curlew,Numenius arquata,Military,England,Lincolnshire,['Lincolnshire'],-0.2388,53.111,4,4,0,0,0,0,0,0,0,0,0,NA,NA,NA,NA,4,Headstart
Headstart.Clutch.77,2024,Eurasian Curlew,Numenius arquata,Military,England,Lincolnshire,['Lincolnshire'],-0.2388,53.111,4,4,0,0,0,0,0,0,0,0,0,NA,NA,NA,NA,4,Headstart
Headstart.Clutch.78,2024,Eurasian Curlew,Numenius arquata,Military,England,Suffolk,['Suffolk'],1.0492,52.2539,4,4,0,0,0,0,0,0,0,0,0,NA,NA,NA,NA,4,Headstart
Headstart.Clutch.79,2024,Eurasian Curlew,Numenius arquata,Military,England,North Yorkshire,['North Yorkshire'],-1.5503,54.0937,4,4,0,0,0,0,0,0,0,0,0,NA,NA,NA,NA,4,Headstart
Headstart.Clutch.80,2024,Eurasian Curlew,Numenius arquata,Military,England,North Yorkshire,['North Yorkshire'],-1.5503,54.0937,4,4,0,0,0,0,0,0,0,0,0,NA,NA,NA,NA,4,Headstart
Headstart.Clutch.81,2024,Eurasian Curlew,Numenius arquata,Military,England,North Yorkshire,['North Yorkshire'],-1.5503,54.0937,4,4,0,0,0,0,0,0,0,0,0,NA,NA,NA,NA,4,Headstart
Headstart.Clutch.82,2024,Eurasian Curlew,Numenius arquata,Military,England,Lincolnshire,['Lincolnshire'],-0.2388,53.111,4,4,0,0,0,0,0,0,0,0,0,NA,NA,NA,NA,4,Headstart
Headstart.Clutch.83,2024,Eurasian Curlew,Numenius arquata,Military,England,Lincolnshire,['Lincolnshire'],-0.2388,53.111,4,2,2,0,0,0,0,1,0,0,1,NA,NA,NA,NA,2,Headstart
Headstart.Clutch.84,2024,Eurasian Curlew,Numenius arquata,Military,England,Lincolnshire,['Lincolnshire'],-0.2388,53.111,2,2,0,0,0,0,0,0,0,0,0,NA,NA,NA,NA,2,Headstart
Headstart.Clutch.85,2024,Eurasian Curlew,Numenius arquata,Military,England,Lincolnshire,['Lincolnshire'],-0.2388,53.111,4,2,2,0,0,0,0,0,0,0,2,NA,NA,NA,NA,2,Headstart
Headstart.Clutch.86,2024,Eurasian Curlew,Numenius arquata,Military,England,Lincolnshire,['Lincolnshire'],-0.2388,53.111,4,2,2,0,0,0,0,0,0,2,0,NA,NA,NA,NA,2,Headstart
Headstart.Clutch.87,2024,Eurasian Curlew,Numenius arquata,Military,England,Lincolnshire,['Lincolnshire'],-0.2388,53.111,4,3,1,0,0,0,0,0,0,0,1,NA,NA,NA,NA,3,Headstart
Headstart.Clutch.88,2024,Eurasian Curlew,Numenius arquata,Military,England,Lincolnshire,['Lincolnshire'],-0.2388,53.111,2,2,0,0,0,0,0,0,0,0,0,NA,NA,NA,NA,2,Headstart
Headstart.Clutch.89,2024,Eurasian Curlew,Numenius arquata,Military,England,North Yorkshire,['North Yorkshire'],-1.5503,54.0937,4,4,0,0,0,0,0,0,0,0,0,NA,NA,NA,NA,4,Headstart
Headstart.Clutch.90,2024,Eurasian Curlew,Numenius arquata,Military,England,North Yorkshire,['North Yorkshire'],-1.5503,54.0937,4,3,1,0,0,0,0,0,0,0,1,NA,NA,NA,NA,3,Headstart
Headstart.Clutch.91,2024,Eurasian Curlew,Numenius arquata,Military,England,Lincolnshire,['Lincolnshire'],-0.2388,53.111,4,4,0,0,0,0,0,0,0,0,0,NA,NA,NA,NA,4,Headstart
Headstart.Clutch.92,2024,Eurasian Curlew,Numenius arquata,Military,England,North Yorkshire,['North Yorkshire'],-1.5503,54.0937,4,4,0,0,0,0,0,0,0,0,0,NA,NA,NA,NA,4,Headstart
Headstart.Clutch.93,2024,Eurasian Curlew,Numenius arquata,Military,England,Lincolnshire,['Lincolnshire'],-0.2388,53.111,2,2,0,0,0,0,0,0,0,0,0,NA,NA,NA,NA,2,Headstart
Headstart.Clutch.94,2024,Eurasian Curlew,Numenius arquata,Military,England,Lincolnshire,['Lincolnshire'],-0.2388,53.111,4,3,1,0,0,0,0,0,0,1,0,NA,NA,NA,NA,3,Headstart
Headstart.Clutch.95,2024,Eurasian Curlew,Numenius arquata,Military,England,Suffolk,['Suffolk'],1.0492,52.2539,1,1,0,0,0,0,0,0,0,0,0,NA,NA,NA,NA,1,Headstart
Headstart.Clutch.96,2024,Eurasian Curlew,Numenius arquata,Military,England,Suffolk,['Suffolk'],1.0492,52.2539,3,3,0,0,0,0,0,0,0,0,0,NA,NA,NA,NA,3,Headstart
Headstart.Clutch.97,2024,Eurasian Curlew,Numenius arquata,Military,England,North Yorkshire,['North Yorkshire'],-1.5503,54.0937,4,4,0,0,0,0,0,0,0,0,0,NA,NA,NA,NA,4,Headstart
Wild.Clutch.1,2022,Eurasian Curlew,Numenius arquata,Wetland,Scotland,Aberdeenshire,['Aberdeenshire'],-2.7921,57.2347,4,4,0,0,0,0,0,0,0,0,0,0,0,0,0,4,Wild
Wild.Clutch.2,2022,Eurasian Curlew,Numenius arquata,Grassland,England,Warwickshire,['Warwickshire'],-1.5688,52.1798,4,4,0,0,0,0,0,0,0,0,0,0,0,0,0,4,Wild
Wild.Clutch.3,2022,Eurasian Curlew,Numenius arquata,Grassland,England,Warwickshire,['Warwickshire'],-1.5688,52.1798,4,4,0,0,0,0,0,0,0,0,0,0,0,0,0,4,Wild
Wild.Clutch.4,2022,Eurasian Curlew,Numenius arquata,NA,Northern Ireland,Fermanagh,County Fermanagh,-7.5271,54.3852,4,4,0,0,0,0,0,0,0,0,0,0,0,0,0,4,Wild
Wild.Clutch.5,2022,Eurasian Curlew,Numenius arquata,NA,Northern Ireland,Fermanagh,County Fermanagh,-7.5271,54.3852,4,4,0,0,0,0,0,0,0,0,0,0,0,0,0,4,Wild
Wild.Clutch.6,2022,Eurasian Curlew,Numenius arquata,NA,Northern Ireland,Fermanagh,County Fermanagh,-7.5271,54.3852,4,4,0,0,0,0,0,0,0,0,0,0,0,0,0,4,Wild
Wild.Clutch.7,2022,Eurasian Curlew,Numenius arquata,NA,Northern Ireland,Fermanagh,County Fermanagh,-7.5271,54.3852,4,3,0,0,0,0,1,0,0,0,0,0,0,0,0,3,Wild
Wild.Clutch.8,2022,Eurasian Curlew,Numenius arquata,NA,Northern Ireland,Fermanagh,County Fermanagh,-7.5271,54.3852,4,4,0,0,0,0,0,0,0,0,0,0,0,0,0,4,Wild
Wild.Clutch.9,2022,Eurasian Curlew,Numenius arquata,NA,Northern Ireland,Fermanagh,County Fermanagh,-7.5271,54.3852,4,4,0,0,0,0,0,0,0,0,0,0,0,0,0,4,Wild
Wild.Clutch.10,2022,Eurasian Curlew,Numenius arquata,NA,Northern Ireland,Fermanagh,County Fermanagh,-7.5271,54.3852,4,4,0,0,0,0,0,0,0,0,0,0,0,0,0,4,Wild
Wild.Clutch.11,2022,Eurasian Curlew,Numenius arquata,NA,Northern Ireland,Fermanagh,County Fermanagh,-7.5271,54.3852,4,4,0,0,0,0,0,0,0,0,0,0,0,0,0,4,Wild
Wild.Clutch.12,2022,Eurasian Curlew,Numenius arquata,Wetland,England,Cumbria,['Cumbria'],-2.9021,54.6364,3,3,0,0,0,0,0,0,0,0,0,0,0,0,0,3,Wild
Wild.Clutch.13,2022,Eurasian Curlew,Numenius arquata,Wetland,England,Cumbria,['Cumbria'],-2.9021,54.6364,3,3,0,0,0,0,0,0,0,0,0,0,0,0,0,3,Wild
Wild.Clutch.14,2022,Eurasian Curlew,Numenius arquata,Wetland,England,Cumbria,['Cumbria'],-2.9021,54.6364,4,4,0,0,0,0,0,0,0,0,0,0,0,0,0,4,Wild
Wild.Clutch.15,2022,Eurasian Curlew,Numenius arquata,Other,England,Cumbria,['Cumbria'],-2.9021,54.6364,4,4,0,0,0,0,0,0,0,0,0,0,0,0,0,4,Wild
Wild.Clutch.16,2022,Eurasian Curlew,Numenius arquata,Wetland,England,Cumbria,['Cumbria'],-2.9021,54.6364,4,4,0,0,0,0,0,0,0,0,0,0,0,0,0,4,Wild
Wild.Clutch.17,2022,Eurasian Curlew,Numenius arquata,Wetland,England,Cumbria,['Cumbria'],-2.9021,54.6364,4,3,1,0,0,0,0,1,0,0,0,1,0,0,0,3,Wild
Wild.Clutch.18,2022,Eurasian Curlew,Numenius arquata,Grassland,England,Cumbria,['Cumbria'],-2.9021,54.6364,3,2,1,0,0,0,0,0,0,0,1,0,0,0,1,2,Wild
Wild.Clutch.19,2022,Eurasian Curlew,Numenius arquata,Wetland,England,NA,NA,NA,NA,4,0,4,0,0,0,0,1,1,1,1,1,1,1,1,0,Wild
Wild.Clutch.20,2022,Eurasian Curlew,Numenius arquata,Grassland,England,NA,NA,NA,NA,4,4,0,0,0,0,0,0,0,0,0,0,0,0,0,4,Wild
Wild.Clutch.21,2022,Eurasian Curlew,Numenius arquata,Grassland,England,NA,NA,NA,NA,4,4,0,0,0,0,0,0,0,0,0,0,0,0,0,4,Wild
Wild.Clutch.22,2022,Eurasian Curlew,Numenius arquata,Grassland,England,NA,NA,NA,NA,4,4,0,0,0,0,0,0,0,0,0,0,0,0,0,4,Wild
Wild.Clutch.23,2022,Eurasian Curlew,Numenius arquata,Grassland,England,NA,NA,NA,NA,4,4,0,0,0,0,0,0,0,0,0,0,0,0,0,4,Wild
Wild.Clutch.24,2022,Eurasian Curlew,Numenius arquata,Grassland,England,NA,NA,NA,NA,4,2,2,0,0,0,0,0,0,2,0,0,0,2,0,2,Wild
Wild.Clutch.25,2022,Eurasian Curlew,Numenius arquata,Wetland,England,NA,NA,NA,NA,4,4,0,0,0,0,0,0,0,0,0,0,0,0,0,4,Wild
Wild.Clutch.26,2022,Eurasian Curlew,Numenius arquata,Grassland,England,Oxfordshire,['Oxfordshire'],-1.2915,51.7716,4,4,0,0,0,0,0,0,0,0,0,0,0,0,0,4,Wild
Wild.Clutch.27,2022,Eurasian Curlew,Numenius arquata,Grassland,England,Oxfordshire,['Oxfordshire'],-1.2915,51.7716,4,4,0,0,0,0,0,0,0,0,0,0,0,0,0,4,Wild
Wild.Clutch.28,2022,Eurasian Curlew,Numenius arquata,Grassland,England,Oxfordshire,['Oxfordshire'],-1.2915,51.7716,4,4,0,0,0,0,0,0,0,0,0,0,0,0,0,4,Wild
Wild.Clutch.29,2022,Eurasian Curlew,Numenius arquata,Grassland,England,Oxfordshire,['Oxfordshire'],-1.2915,51.7716,2,2,0,0,0,0,0,0,0,0,0,0,0,0,0,2,Wild
Wild.Clutch.30,2022,Eurasian Curlew,Numenius arquata,Grassland,England,Oxfordshire,['Oxfordshire'],-1.2915,51.7716,4,3,0,0,0,0,1,0,0,0,0,0,0,0,0,3,Wild
Wild.Clutch.31,2022,Eurasian Curlew,Numenius arquata,Grassland,England,Oxfordshire,['Oxfordshire'],-1.2915,51.7716,4,4,0,0,0,0,0,0,0,0,0,0,0,0,0,4,Wild
Wild.Clutch.32,2022,Eurasian Curlew,Numenius arquata,Grassland,England,Oxfordshire,['Oxfordshire'],-1.2915,51.7716,3,2,0,0,0,0,1,0,0,0,0,0,0,0,0,2,Wild
Wild.Clutch.33,2022,Eurasian Curlew,Numenius arquata,Grassland,England,Lancashire,['Lancashire'],-2.4609,53.8622,3,3,0,0,0,0,0,0,0,0,0,0,0,0,0,3,Wild
Wild.Clutch.34,2022,Eurasian Curlew,Numenius arquata,Grassland,England,Lancashire,['Lancashire'],-2.4609,53.8622,3,0,0,0,1,2,0,0,0,0,0,0,0,0,0,0,Wild
Wild.Clutch.35,2022,Eurasian Curlew,Numenius arquata,Grassland,England,Lancashire,['Lancashire'],-2.4609,53.8622,4,4,0,0,0,0,0,0,0,0,0,0,0,0,0,4,Wild
Wild.Clutch.36,2022,Eurasian Curlew,Numenius arquata,Grassland,England,Lancashire,['Lancashire'],-2.4609,53.8622,4,3,0,0,0,0,1,0,0,0,0,0,0,0,0,3,Wild
Wild.Clutch.37,2022,Eurasian Curlew,Numenius arquata,Grassland,England,Lancashire,['Lancashire'],-2.4609,53.8622,4,3,0,0,0,0,1,0,0,0,0,0,0,0,0,3,Wild
Wild.Clutch.38,2022,Eurasian Curlew,Numenius arquata,Grassland,England,Lancashire,['Lancashire'],-2.4609,53.8622,4,4,0,0,0,0,0,0,0,0,0,0,0,0,0,4,Wild
Wild.Clutch.39,2022,Eurasian Curlew,Numenius arquata,Moorland,England,Lancashire,['Lancashire'],-2.4609,53.8622,3,3,0,0,0,0,0,0,0,0,0,0,0,0,0,3,Wild
Wild.Clutch.40,2022,Eurasian Curlew,Numenius arquata,Grassland,England,Shropshire,['Shropshire'],-2.7367,52.6221,4,4,0,0,0,0,0,0,0,0,0,0,0,0,0,4,Wild
Wild.Clutch.41,2022,Eurasian Curlew,Numenius arquata,Grassland,England,Shropshire,['Shropshire'],-2.7367,52.6221,4,3,1,0,0,0,0,0,0,1,0,0,0,1,0,3,Wild
Wild.Clutch.42,2022,Eurasian Curlew,Numenius arquata,Moorland,England,Shropshire,['Shropshire'],-2.7367,52.6221,4,4,0,0,0,0,0,0,0,0,0,0,0,0,0,4,Wild
Wild.Clutch.43,2022,Eurasian Curlew,Numenius arquata,Moorland,England,Shropshire,['Shropshire'],-2.7367,52.6221,4,3,0,0,0,1,0,0,0,0,0,0,0,0,0,3,Wild
Wild.Clutch.44,2022,Eurasian Curlew,Numenius arquata,Grassland,England,Shropshire,['Shropshire'],-2.7367,52.6221,4,4,0,0,0,0,0,0,0,0,0,0,0,0,0,4,Wild
Wild.Clutch.45,2022,Eurasian Curlew,Numenius arquata,Grassland,England,Shropshire,['Shropshire'],-2.7367,52.6221,4,0,0,0,0,0,4,0,0,0,0,0,0,0,0,0,Wild
Wild.Clutch.46,2022,Eurasian Curlew,Numenius arquata,Wetland,Wales,Conwy County Borough,['Conwy'],-3.7465,53.1474,4,4,0,0,0,0,0,0,0,0,0,0,0,0,0,4,Wild
Wild.Clutch.47,2022,Eurasian Curlew,Numenius arquata,Wetland,Wales,Conwy County Borough,['Conwy'],-3.7465,53.1474,4,2,1,0,0,1,0,0,0,1,0,0,0,1,0,2,Wild
Wild.Clutch.48,2022,Eurasian Curlew,Numenius arquata,Grassland,Wales,Conwy County Borough,['Conwy'],-3.7465,53.1474,4,1,3,0,0,0,0,3,0,0,0,3,0,0,0,1,Wild
Wild.Clutch.49,2022,Eurasian Curlew,Numenius arquata,Wetland,Wales,Conwy County Borough,['Conwy'],-3.7465,53.1474,4,4,0,0,0,0,0,0,0,0,0,0,0,0,0,4,Wild
Wild.Clutch.50,2022,Eurasian Curlew,Numenius arquata,Wetland,Wales,Conwy County Borough,['Conwy'],-3.7465,53.1474,4,1,3,0,0,0,0,2,0,0,1,2,0,0,1,1,Wild
Wild.Clutch.51,2022,Eurasian Curlew,Numenius arquata,Wetland,Wales,Conwy County Borough,['Conwy'],-3.7465,53.1474,4,2,1,0,0,0,1,0,0,1,0,0,0,1,0,2,Wild
Wild.Clutch.52,2022,Eurasian Curlew,Numenius arquata,Grassland,Wales,Conwy County Borough,['Conwy'],-3.7465,53.1474,4,4,0,0,0,0,0,0,0,0,0,0,0,0,0,4,Wild
Wild.Clutch.53,2022,Eurasian Curlew,Numenius arquata,Grassland,Wales,Conwy County Borough,['Conwy'],-3.7465,53.1474,4,3,1,0,0,0,0,1,0,0,0,1,0,0,0,3,Wild
Wild.Clutch.54,2022,Eurasian Curlew,Numenius arquata,Grassland,England,Norfolk,['Norfolk'],0.9647,52.6712,3,2,0,0,0,1,0,0,0,0,0,0,0,0,0,2,Wild
Wild.Clutch.55,2022,Eurasian Curlew,Numenius arquata,Military,England,Suffolk,['Suffolk'],1.0492,52.2539,4,3,1,0,0,0,0,0,0,1,0,0,0,1,0,3,Wild
Wild.Clutch.56,2022,Eurasian Curlew,Numenius arquata,Military,England,Suffolk,['Suffolk'],1.0492,52.2539,4,3,1,0,0,0,0,0,0,1,0,0,0,1,0,3,Wild
Wild.Clutch.57,2022,Eurasian Curlew,Numenius arquata,Military,England,Suffolk,['Suffolk'],1.0492,52.2539,4,0,0,0,4,0,0,0,0,0,0,0,0,0,0,0,Wild
Wild.Clutch.58,2022,Eurasian Curlew,Numenius arquata,Military,England,Norfolk,['Norfolk'],0.9647,52.6712,4,3,1,0,0,0,0,0,1,0,0,0,1,0,0,3,Wild
Wild.Clutch.59,2022,Eurasian Curlew,Numenius arquata,Military,England,Norfolk,['Norfolk'],0.9647,52.6712,4,3,1,0,0,0,0,1,0,0,0,1,0,0,0,3,Wild
Wild.Clutch.60,2022,Eurasian Curlew,Numenius arquata,Wetland,England,Hampshire,['Hampshire'],-1.2474,51.0448,3,0,0,0,3,0,0,0,0,0,0,0,0,0,0,0,Wild
Wild.Clutch.61,2022,Eurasian Curlew,Numenius arquata,Wetland,England,Hampshire,['Hampshire'],-1.2474,51.0448,4,4,0,0,0,0,0,0,0,0,0,0,0,0,0,4,Wild
Wild.Clutch.62,2022,Eurasian Curlew,Numenius arquata,Wetland,England,Hampshire,['Hampshire'],-1.2474,51.0448,4,0,1,0,3,0,0,0,0,0,1,0,0,0,1,0,Wild
Wild.Clutch.63,2022,Eurasian Curlew,Numenius arquata,Wetland,England,Hampshire,['Hampshire'],-1.2474,51.0448,1,0,0,1,0,0,0,0,0,0,0,0,0,0,1,0,Wild
Wild.Clutch.64,2022,Eurasian Curlew,Numenius arquata,Wetland,England,Hampshire,['Hampshire'],-1.2474,51.0448,4,4,0,0,0,0,0,0,0,0,0,0,0,0,0,4,Wild
Wild.Clutch.65,2022,Eurasian Curlew,Numenius arquata,Wetland,England,Hampshire,['Hampshire'],-1.2474,51.0448,4,4,0,0,0,0,0,0,0,0,0,0,0,0,0,4,Wild
Wild.Clutch.66,2022,Eurasian Curlew,Numenius arquata,Wetland,England,Hampshire,['Hampshire'],-1.2474,51.0448,4,4,0,0,0,0,0,0,0,0,0,0,0,0,0,4,Wild
Wild.Clutch.67,2022,Eurasian Curlew,Numenius arquata,Wetland,England,Hampshire,['Hampshire'],-1.2474,51.0448,3,2,1,0,0,0,0,0,0,0,1,0,0,0,1,2,Wild
Wild.Clutch.68,2022,Eurasian Curlew,Numenius arquata,Wetland,England,Hampshire,['Hampshire'],-1.2474,51.0448,3,3,0,0,0,0,0,0,0,0,0,0,0,0,0,3,Wild
Wild.Clutch.69,2022,Eurasian Curlew,Numenius arquata,Wetland,Republic of Ireland,Longford,County Longford,-7.7057,53.7318,3,0,0,0,3,0,0,0,0,0,0,0,0,0,0,0,Wild
Wild.Clutch.70,2022,Eurasian Curlew,Numenius arquata,Wetland,Republic of Ireland,Leitrim,County Leitrim,-8.0036,54.1404,4,2,2,0,0,0,0,1,0,1,0,1,0,1,0,2,Wild
Wild.Clutch.71,2022,Eurasian Curlew,Numenius arquata,Grassland,Republic of Ireland,Galway,County Galway,-9.1336,53.3404,4,2,2,0,0,0,0,0,0,0,2,0,0,0,2,2,Wild
Wild.Clutch.72,2022,Eurasian Curlew,Numenius arquata,Wetland,Republic of Ireland,Leitrim,County Leitrim,-8.0036,54.1404,4,4,0,0,0,0,0,0,0,0,0,0,0,0,0,4,Wild
Wild.Clutch.73,2022,Eurasian Curlew,Numenius arquata,Grassland,England,Lancashire,['Lancashire'],-2.4609,53.8622,4,3,1,0,0,0,0,0,0,0,1,0,0,0,1,3,Wild
Wild.Clutch.74,2022,Eurasian Curlew,Numenius arquata,NA,England,Gloucestershire,['Gloucestershire'],-2.1524,51.8197,4,4,0,0,0,0,0,0,0,0,0,0,0,0,0,4,Wild
Wild.Clutch.75,2022,Eurasian Curlew,Numenius arquata,Grassland,England,Buckinghamshire,['Buckinghamshire'],-0.8057,51.7697,4,4,0,0,0,0,0,0,0,0,0,0,0,0,0,4,Wild
Wild.Clutch.76,2022,Eurasian Curlew,Numenius arquata,Grassland,England,Worcestershire,['Worcestershire'],-2.2094,52.2129,4,3,0,0,1,0,0,0,0,0,0,0,0,0,0,3,Wild
Wild.Clutch.77,2022,Eurasian Curlew,Numenius arquata,Grassland,England,NA,NA,NA,NA,4,4,0,0,0,0,0,0,0,0,0,0,0,0,0,4,Wild
Wild.Clutch.78,2022,Eurasian Curlew,Numenius arquata,NA,England,Gloucestershire,['Gloucestershire'],-2.1524,51.8197,3,0,0,3,0,0,0,0,0,0,0,3,0,0,0,0,Wild
Wild.Clutch.79,2022,Eurasian Curlew,Numenius arquata,Grassland,England,Worcestershire,['Worcestershire'],-2.2094,52.2129,4,4,0,0,0,0,0,0,0,0,0,0,0,0,0,4,Wild
Wild.Clutch.80,2022,Eurasian Curlew,Numenius arquata,Grassland,England,Worcestershire,['Worcestershire'],-2.2094,52.2129,1,0,0,1,0,0,0,0,0,0,0,0,0,0,1,0,Wild
Wild.Clutch.81,2022,Eurasian Curlew,Numenius arquata,NA,England,Worcestershire,['Worcestershire'],-2.2094,52.2129,4,0,0,0,4,0,0,0,0,0,0,0,0,0,0,0,Wild
Wild.Clutch.82,2022,Eurasian Curlew,Numenius arquata,Grassland,England,Worcestershire,['Worcestershire'],-2.2094,52.2129,4,4,0,0,0,0,0,0,0,0,0,0,0,0,0,4,Wild
Wild.Clutch.83,2022,Eurasian Curlew,Numenius arquata,NA,England,Worcestershire,['Worcestershire'],-2.2094,52.2129,4,3,1,0,0,0,0,1,0,0,0,1,0,0,0,3,Wild
Wild.Clutch.84,2022,Eurasian Curlew,Numenius arquata,NA,England,Worcestershire,['Worcestershire'],-2.2094,52.2129,4,0,0,4,0,0,0,0,0,0,0,0,0,4,0,0,Wild
Wild.Clutch.85,2022,Eurasian Curlew,Numenius arquata,Grassland,England,Cumbria,['Cumbria'],-2.9021,54.6364,4,4,0,0,0,0,0,0,0,0,0,0,0,0,0,4,Wild
Wild.Clutch.86,2022,Eurasian Curlew,Numenius arquata,NA,England,Cumbria,['Cumbria'],-2.9021,54.6364,4,2,2,0,0,0,0,0,0,2,0,0,0,2,0,2,Wild
Wild.Clutch.87,2022,Eurasian Curlew,Numenius arquata,Wetland,England,Somerset,['Somerset'],-3.296,51.0718,4,3,1,0,0,0,0,0,0,0,1,0,0,0,1,3,Wild
Wild.Clutch.88,2022,Eurasian Curlew,Numenius arquata,Wetland,England,Somerset,['Somerset'],-3.296,51.0718,4,4,0,0,0,0,0,0,0,0,0,0,0,0,0,4,Wild
Wild.Clutch.89,2022,Eurasian Curlew,Numenius arquata,Wetland,England,Somerset,['Somerset'],-3.296,51.0718,4,3,1,0,0,0,0,0,0,0,1,0,0,0,1,3,Wild
Wild.Clutch.90,2022,Eurasian Curlew,Numenius arquata,Wetland,England,Somerset,['Somerset'],-3.296,51.0718,4,4,0,0,0,0,0,0,0,0,0,0,0,0,0,4,Wild
Wild.Clutch.91,2022,Eurasian Curlew,Numenius arquata,Wetland,England,Somerset,['Somerset'],-3.296,51.0718,4,0,0,0,4,0,0,0,0,0,0,0,0,0,0,0,Wild
Wild.Clutch.92,2022,Eurasian Curlew,Numenius arquata,Wetland,Republic of Ireland,Monaghan,County Monaghan,-6.9418,54.1619,4,2,2,0,0,0,0,0,0,2,0,0,0,2,0,2,Wild
Wild.Clutch.93,2022,Eurasian Curlew,Numenius arquata,Grassland,Republic of Ireland,Leitrim,County Leitrim,-8.0036,54.1404,4,4,0,0,0,0,0,0,0,0,0,0,0,0,0,4,Wild
Wild.Clutch.94,2022,Eurasian Curlew,Numenius arquata,Grassland,Republic of Ireland,Leitrim,County Leitrim,-8.0036,54.1404,4,0,0,0,4,0,0,0,0,0,0,0,0,0,0,0,Wild
Wild.Clutch.95,2022,Eurasian Curlew,Numenius arquata,Grassland,Republic of Ireland,Monaghan,County Monaghan,-6.9418,54.1619,4,3,0,0,1,0,0,0,0,0,0,0,0,0,0,3,Wild
Wild.Clutch.96,2022,Eurasian Curlew,Numenius arquata,Grassland,Republic of Ireland,Leitrim,County Leitrim,-8.0036,54.1404,4,4,0,0,0,0,0,0,0,0,0,0,0,0,0,4,Wild
Wild.Clutch.97,2023,Eurasian Curlew,Numenius arquata,NA,Scotland,Aberdeenshire,['Aberdeenshire'],-2.7921,57.2347,4,4,0,0,0,0,0,0,0,0,0,0,0,0,0,4,Wild
Wild.Clutch.98,2023,Eurasian Curlew,Numenius arquata,NA,Scotland,Aberdeenshire,['Aberdeenshire'],-2.7921,57.2347,4,3,1,0,0,0,0,1,0,0,0,1,0,0,0,3,Wild
Wild.Clutch.99,2023,Eurasian Curlew,Numenius arquata,Moorland,Scotland,Aberdeenshire,['Aberdeenshire'],-2.7921,57.2347,4,4,0,0,0,0,0,0,0,0,0,0,0,0,0,4,Wild
Wild.Clutch.100,2023,Eurasian Curlew,Numenius arquata,Grassland,Northern Ireland,Fermanagh,County Fermanagh,-7.5271,54.3852,4,4,0,0,0,0,0,0,0,0,0,0,0,0,0,4,Wild
Wild.Clutch.101,2023,Eurasian Curlew,Numenius arquata,Grassland,Northern Ireland,Fermanagh,County Fermanagh,-7.5271,54.3852,4,1,2,0,0,0,1,0,0,0,2,0,0,0,2,1,Wild
Wild.Clutch.102,2023,Eurasian Curlew,Numenius arquata,Wetland,Northern Ireland,Fermanagh,County Fermanagh,-7.5271,54.3852,4,4,0,0,0,0,0,0,0,0,0,0,0,0,0,4,Wild
Wild.Clutch.103,2023,Eurasian Curlew,Numenius arquata,Wetland,Northern Ireland,Fermanagh,County Fermanagh,-7.5271,54.3852,4,2,2,0,0,0,0,0,0,0,2,0,0,0,2,2,Wild
Wild.Clutch.104,2023,Eurasian Curlew,Numenius arquata,Wetland,Northern Ireland,Fermanagh,County Fermanagh,-7.5271,54.3852,4,4,0,0,0,0,0,0,0,0,0,0,0,0,0,4,Wild
Wild.Clutch.105,2023,Eurasian Curlew,Numenius arquata,Wetland,Northern Ireland,Fermanagh,County Fermanagh,-7.5271,54.3852,4,4,0,0,0,0,0,0,0,0,0,0,0,0,0,4,Wild
Wild.Clutch.106,2023,Eurasian Curlew,Numenius arquata,Wetland,Northern Ireland,Fermanagh,County Fermanagh,-7.5271,54.3852,4,4,0,0,0,0,0,0,0,0,0,0,0,0,0,4,Wild
Wild.Clutch.107,2023,Eurasian Curlew,Numenius arquata,Wetland,Northern Ireland,Fermanagh,County Fermanagh,-7.5271,54.3852,4,3,0,0,0,0,1,0,0,0,0,0,0,0,0,3,Wild
Wild.Clutch.108,2023,Eurasian Curlew,Numenius arquata,Grassland,England,Cumbria,['Cumbria'],-2.9021,54.6364,4,2,0,0,0,1,1,0,0,0,0,0,0,0,0,2,Wild
Wild.Clutch.109,2023,Eurasian Curlew,Numenius arquata,Grassland,England,Northumberland,['Northumberland'],-2.0752,55.3004,4,4,0,0,0,0,0,0,0,0,0,0,0,0,0,4,Wild
Wild.Clutch.110,2023,Eurasian Curlew,Numenius arquata,Grassland,England,Cumbria,['Cumbria'],-2.9021,54.6364,3,3,0,0,0,0,0,0,0,0,0,0,0,0,0,3,Wild
Wild.Clutch.111,2023,Eurasian Curlew,Numenius arquata,Grassland,England,Northumberland,['Northumberland'],-2.0752,55.3004,4,4,0,0,0,0,0,0,0,0,0,0,0,0,0,4,Wild
Wild.Clutch.112,2023,Eurasian Curlew,Numenius arquata,Grassland,England,NA,NA,NA,NA,4,0,3,0,1,0,0,0,0,1,2,0,0,1,2,0,Wild
Wild.Clutch.113,2023,Eurasian Curlew,Numenius arquata,Grassland,England,Cumbria,['Cumbria'],-2.9021,54.6364,4,4,0,0,0,0,0,0,0,0,0,0,0,0,0,4,Wild
Wild.Clutch.114,2023,Eurasian Curlew,Numenius arquata,Grassland,England,Cumbria,['Cumbria'],-2.9021,54.6364,4,4,0,0,0,0,0,0,0,0,0,0,0,0,0,4,Wild
Wild.Clutch.115,2023,Eurasian Curlew,Numenius arquata,Grassland,England,Cumbria,['Cumbria'],-2.9021,54.6364,4,4,0,0,0,0,0,0,0,0,0,0,0,0,0,4,Wild
Wild.Clutch.116,2023,Eurasian Curlew,Numenius arquata,Grassland,England,Cumbria,['Cumbria'],-2.9021,54.6364,4,4,0,0,0,0,0,0,0,0,0,0,0,0,0,4,Wild
Wild.Clutch.117,2023,Eurasian Curlew,Numenius arquata,Grassland,England,Cumbria,['Cumbria'],-2.9021,54.6364,3,0,0,0,3,0,0,0,0,0,0,0,0,0,0,0,Wild
Wild.Clutch.118,2023,Eurasian Curlew,Numenius arquata,Grassland,England,Cumbria,['Cumbria'],-2.9021,54.6364,4,4,0,0,0,0,0,0,0,0,0,0,0,0,0,4,Wild
Wild.Clutch.119,2023,Eurasian Curlew,Numenius arquata,Grassland,England,Cumbria,['Cumbria'],-2.9021,54.6364,4,4,0,0,0,0,0,0,0,0,0,0,0,0,0,4,Wild
Wild.Clutch.120,2023,Eurasian Curlew,Numenius arquata,Grassland,England,Cumbria,['Cumbria'],-2.9021,54.6364,4,4,0,0,0,0,0,0,0,0,0,0,0,0,0,4,Wild
Wild.Clutch.121,2023,Eurasian Curlew,Numenius arquata,Grassland,England,Oxfordshire,['Oxfordshire'],-1.2915,51.7716,4,3,1,0,0,0,0,0,0,1,0,0,0,1,0,3,Wild
Wild.Clutch.122,2023,Eurasian Curlew,Numenius arquata,Wetland,Wales,Conwy County Borough,['Conwy'],-3.7465,53.1474,4,4,0,0,0,0,0,0,0,0,0,0,0,0,0,4,Wild
Wild.Clutch.123,2023,Eurasian Curlew,Numenius arquata,Wetland,Wales,Conwy County Borough,['Conwy'],-3.7465,53.1474,3,3,0,0,0,0,0,0,0,0,0,0,0,0,0,3,Wild
Wild.Clutch.124,2023,Eurasian Curlew,Numenius arquata,Wetland,Wales,Conwy County Borough,['Conwy'],-3.7465,53.1474,4,2,0,0,2,0,0,0,0,0,0,0,0,0,0,2,Wild
Wild.Clutch.125,2023,Eurasian Curlew,Numenius arquata,Grassland,England,Oxfordshire,['Oxfordshire'],-1.2915,51.7716,4,4,0,0,0,0,0,0,0,0,0,0,0,0,0,4,Wild
Wild.Clutch.126,2023,Eurasian Curlew,Numenius arquata,Grassland,England,Oxfordshire,['Oxfordshire'],-1.2915,51.7716,4,3,0,0,0,0,1,0,0,0,0,0,0,0,0,3,Wild
Wild.Clutch.127,2023,Eurasian Curlew,Numenius arquata,Grassland,England,Oxfordshire,['Oxfordshire'],-1.2915,51.7716,4,4,0,0,0,0,0,0,0,0,0,0,0,0,0,4,Wild
Wild.Clutch.128,2023,Eurasian Curlew,Numenius arquata,Wetland,Wales,Conwy County Borough,['Conwy'],-3.7465,53.1474,4,4,0,0,0,0,0,0,0,0,0,0,0,0,0,4,Wild
Wild.Clutch.129,2023,Eurasian Curlew,Numenius arquata,Wetland,Wales,Conwy County Borough,['Conwy'],-3.7465,53.1474,4,4,0,0,0,0,0,0,0,0,0,0,0,0,0,4,Wild
Wild.Clutch.130,2023,Eurasian Curlew,Numenius arquata,Wetland,Wales,Conwy County Borough,['Conwy'],-3.7465,53.1474,4,4,0,0,0,0,0,0,0,0,0,0,0,0,0,4,Wild
Wild.Clutch.131,2023,Eurasian Curlew,Numenius arquata,Wetland,Wales,Conwy County Borough,['Conwy'],-3.7465,53.1474,4,4,0,0,0,0,0,0,0,0,0,0,0,0,0,4,Wild
Wild.Clutch.132,2023,Eurasian Curlew,Numenius arquata,Grassland,Wales,Conwy County Borough,['Conwy'],-3.7465,53.1474,4,4,0,0,0,0,0,0,0,0,0,0,0,0,0,4,Wild
Wild.Clutch.133,2023,Eurasian Curlew,Numenius arquata,Grassland,Wales,Conwy County Borough,['Conwy'],-3.7465,53.1474,4,4,0,0,0,0,0,0,0,0,0,0,0,0,0,4,Wild
Wild.Clutch.134,2023,Eurasian Curlew,Numenius arquata,Wetland,Wales,Conwy County Borough,['Conwy'],-3.7465,53.1474,2,1,1,0,0,0,0,0,0,1,0,0,0,1,0,1,Wild
Wild.Clutch.135,2023,Eurasian Curlew,Numenius arquata,Grassland,Wales,Conwy County Borough,['Conwy'],-3.7465,53.1474,3,3,0,0,0,0,0,0,0,0,0,0,0,0,0,3,Wild
Wild.Clutch.136,2023,Eurasian Curlew,Numenius arquata,Wetland,Wales,Conwy County Borough,['Conwy'],-3.7465,53.1474,4,4,0,0,0,0,0,0,0,0,0,0,0,0,0,4,Wild
Wild.Clutch.137,2023,Eurasian Curlew,Numenius arquata,NA,England,Hampshire,['Hampshire'],-1.2474,51.0448,4,1,3,0,0,0,0,0,0,2,1,0,0,2,1,1,Wild
Wild.Clutch.138,2023,Eurasian Curlew,Numenius arquata,Wetland,England,Hampshire,['Hampshire'],-1.2474,51.0448,4,4,0,0,0,0,0,0,0,0,0,0,0,0,0,4,Wild
Wild.Clutch.139,2023,Eurasian Curlew,Numenius arquata,Wetland,England,Hampshire,['Hampshire'],-1.2474,51.0448,4,3,1,0,0,0,0,0,0,0,1,0,0,0,1,3,Wild
Wild.Clutch.140,2023,Eurasian Curlew,Numenius arquata,Wetland,England,Hampshire,['Hampshire'],-1.2474,51.0448,3,3,0,0,0,0,0,0,0,0,0,0,0,0,0,3,Wild
Wild.Clutch.141,2023,Eurasian Curlew,Numenius arquata,Wetland,England,Hampshire,['Hampshire'],-1.2474,51.0448,4,4,0,0,0,0,0,0,0,0,0,0,0,0,0,4,Wild
Wild.Clutch.142,2023,Eurasian Curlew,Numenius arquata,Wetland,England,Hampshire,['Hampshire'],-1.2474,51.0448,4,4,0,0,0,0,0,0,0,0,0,0,0,0,0,4,Wild
Wild.Clutch.143,2023,Eurasian Curlew,Numenius arquata,Wetland,Scotland,Inverness,['Highland'],-4.661,57.5866,4,4,0,0,0,0,0,0,0,0,0,0,0,0,0,4,Wild
Wild.Clutch.144,2023,Eurasian Curlew,Numenius arquata,Wetland,Scotland,Inverness,['Highland'],-4.661,57.5866,4,4,0,0,0,0,0,0,0,0,0,0,0,0,0,4,Wild
Wild.Clutch.145,2023,Eurasian Curlew,Numenius arquata,Wetland,Scotland,Inverness,['Highland'],-4.661,57.5866,4,2,0,2,0,0,0,0,0,0,0,0,0,1,1,2,Wild
Wild.Clutch.146,2023,Eurasian Curlew,Numenius arquata,Wetland,Scotland,Inverness,['Highland'],-4.661,57.5866,4,4,0,0,0,0,0,0,0,0,0,0,0,0,0,4,Wild
Wild.Clutch.147,2023,Eurasian Curlew,Numenius arquata,Wetland,Scotland,Inverness,['Highland'],-4.661,57.5866,4,4,0,0,0,0,0,0,0,0,0,0,0,0,0,4,Wild
Wild.Clutch.148,2023,Eurasian Curlew,Numenius arquata,Wetland,Scotland,Inverness,['Highland'],-4.661,57.5866,4,4,0,0,0,0,0,0,0,0,0,0,0,0,0,4,Wild
Wild.Clutch.149,2023,Eurasian Curlew,Numenius arquata,Wetland,Scotland,Inverness,['Highland'],-4.661,57.5866,4,4,0,0,0,0,0,0,0,0,0,0,0,0,0,4,Wild
Wild.Clutch.150,2023,Eurasian Curlew,Numenius arquata,Wetland,Scotland,Inverness,['Highland'],-4.661,57.5866,4,0,0,0,4,0,0,0,0,0,0,0,0,0,0,0,Wild
Wild.Clutch.151,2023,Eurasian Curlew,Numenius arquata,Wetland,Scotland,Inverness,['Highland'],-4.661,57.5866,4,0,0,0,4,0,0,0,0,0,0,0,0,0,0,0,Wild
Wild.Clutch.152,2023,Eurasian Curlew,Numenius arquata,Wetland,Scotland,Inverness,['Highland'],-4.661,57.5866,4,0,4,0,0,0,0,0,0,1,3,0,0,1,3,0,Wild
Wild.Clutch.153,2023,Eurasian Curlew,Numenius arquata,Wetland,Scotland,Inverness,['Highland'],-4.661,57.5866,4,4,0,0,0,0,0,0,0,0,0,0,0,0,0,4,Wild
Wild.Clutch.154,2023,Eurasian Curlew,Numenius arquata,Wetland,Scotland,Inverness,['Highland'],-4.661,57.5866,2,2,0,0,0,0,0,0,0,0,0,0,0,0,0,2,Wild
Wild.Clutch.155,2023,Eurasian Curlew,Numenius arquata,Wetland,Scotland,Inverness,['Highland'],-4.661,57.5866,4,4,0,0,0,0,0,0,0,0,0,0,0,0,0,4,Wild
Wild.Clutch.156,2023,Eurasian Curlew,Numenius arquata,Wetland,Scotland,Inverness,['Highland'],-4.661,57.5866,3,0,0,0,0,0,3,0,0,0,0,0,0,0,0,0,Wild
Wild.Clutch.157,2023,Eurasian Curlew,Numenius arquata,Wetland,Scotland,Inverness,['Highland'],-4.661,57.5866,4,4,0,0,0,0,0,0,0,0,0,0,0,0,0,4,Wild
Wild.Clutch.158,2023,Eurasian Curlew,Numenius arquata,Wetland,Scotland,Inverness,['Highland'],-4.661,57.5866,4,4,0,0,0,0,0,0,0,0,0,0,0,0,0,4,Wild
Wild.Clutch.159,2023,Eurasian Curlew,Numenius arquata,Wetland,Scotland,Inverness,['Highland'],-4.661,57.5866,3,3,0,0,0,0,0,0,0,0,0,0,0,0,0,3,Wild
Wild.Clutch.160,2023,Eurasian Curlew,Numenius arquata,Wetland,Scotland,Inverness,['Highland'],-4.661,57.5866,4,4,0,0,0,0,0,0,0,0,0,0,0,0,0,4,Wild
Wild.Clutch.161,2023,Eurasian Curlew,Numenius arquata,Wetland,Scotland,Inverness,['Highland'],-4.661,57.5866,3,0,0,0,3,0,0,0,0,0,0,0,0,0,0,0,Wild
Wild.Clutch.162,2023,Eurasian Curlew,Numenius arquata,Wetland,Scotland,Inverness,['Highland'],-4.661,57.5866,4,4,0,0,0,0,0,0,0,0,0,0,0,0,0,4,Wild
Wild.Clutch.163,2023,Eurasian Curlew,Numenius arquata,Grassland,England,North Yorkshire,['North Yorkshire'],-1.5503,54.0937,4,3,0,0,0,1,0,0,0,0,0,0,0,0,0,3,Wild
Wild.Clutch.164,2023,Eurasian Curlew,Numenius arquata,Grassland,England,North Yorkshire,['North Yorkshire'],-1.5503,54.0937,4,3,1,0,0,0,0,0,0,1,0,0,0,1,0,3,Wild
Wild.Clutch.165,2023,Eurasian Curlew,Numenius arquata,Grassland,England,North Yorkshire,['North Yorkshire'],-1.5503,54.0937,4,3,1,0,0,0,0,1,0,0,0,1,0,0,0,3,Wild
Wild.Clutch.166,2023,Eurasian Curlew,Numenius arquata,Grassland,England,Shropshire,['Shropshire'],-2.7367,52.6221,4,0,0,0,4,0,0,0,0,0,0,0,0,0,0,0,Wild
Wild.Clutch.167,2023,Eurasian Curlew,Numenius arquata,Grassland,England,North Yorkshire,['North Yorkshire'],-1.5503,54.0937,4,0,0,0,4,0,0,0,0,0,0,0,0,0,0,0,Wild
Wild.Clutch.168,2023,Eurasian Curlew,Numenius arquata,Grassland,England,North Yorkshire,['North Yorkshire'],-1.5503,54.0937,4,4,0,0,0,0,0,0,0,0,0,0,0,0,0,4,Wild
Wild.Clutch.169,2023,Eurasian Curlew,Numenius arquata,Grassland,England,North Yorkshire,['North Yorkshire'],-1.5503,54.0937,4,3,1,0,0,0,0,0,0,0,1,0,0,0,1,3,Wild
Wild.Clutch.170,2023,Eurasian Curlew,Numenius arquata,Grassland,England,North Yorkshire,['North Yorkshire'],-1.5503,54.0937,4,0,0,0,4,0,0,0,0,0,0,0,0,0,0,0,Wild
Wild.Clutch.171,2023,Eurasian Curlew,Numenius arquata,Grassland,England,North Yorkshire,['North Yorkshire'],-1.5503,54.0937,4,4,0,0,0,0,0,0,0,0,0,0,0,0,0,4,Wild
Wild.Clutch.172,2023,Eurasian Curlew,Numenius arquata,Grassland,England,North Yorkshire,['North Yorkshire'],-1.5503,54.0937,2,0,0,0,2,0,0,0,0,0,0,0,0,0,0,0,Wild
Wild.Clutch.173,2023,Eurasian Curlew,Numenius arquata,Grassland,England,North Yorkshire,['North Yorkshire'],-1.5503,54.0937,4,4,0,0,0,0,0,0,0,0,0,0,0,0,0,4,Wild
Wild.Clutch.174,2023,Eurasian Curlew,Numenius arquata,Grassland,England,North Yorkshire,['North Yorkshire'],-1.5503,54.0937,4,0,0,0,4,0,0,0,0,0,0,0,0,0,0,0,Wild
Wild.Clutch.175,2023,Eurasian Curlew,Numenius arquata,Grassland,England,North Yorkshire,['North Yorkshire'],-1.5503,54.0937,3,2,0,0,0,0,1,0,0,0,0,0,0,0,0,2,Wild
Wild.Clutch.176,2023,Eurasian Curlew,Numenius arquata,Grassland,England,North Yorkshire,['North Yorkshire'],-1.5503,54.0937,4,3,0,0,0,1,0,0,0,0,0,0,0,0,0,3,Wild
Wild.Clutch.177,2023,Eurasian Curlew,Numenius arquata,Moorland,England,North Yorkshire,['North Yorkshire'],-1.5503,54.0937,1,0,0,0,1,0,0,0,0,0,0,0,0,0,0,0,Wild
Wild.Clutch.178,2023,Eurasian Curlew,Numenius arquata,Grassland,England,North Yorkshire,['North Yorkshire'],-1.5503,54.0937,4,0,0,0,4,0,0,0,0,0,0,0,0,0,0,0,Wild
Wild.Clutch.179,2023,Eurasian Curlew,Numenius arquata,Grassland,England,Worcestershire,['Worcestershire'],-2.2094,52.2129,3,3,0,0,0,0,0,0,0,0,0,0,0,0,0,3,Wild
Wild.Clutch.180,2023,Eurasian Curlew,Numenius arquata,Grassland,England,Gloucestershire,['Gloucestershire'],-2.1524,51.8197,4,3,0,0,1,0,0,0,0,0,0,0,0,0,0,3,Wild
Wild.Clutch.181,2023,Eurasian Curlew,Numenius arquata,Grassland,England,Worcestershire,['Worcestershire'],-2.2094,52.2129,4,0,0,0,4,0,0,0,0,0,0,0,0,0,0,0,Wild
Wild.Clutch.182,2023,Eurasian Curlew,Numenius arquata,Grassland,England,Gloucestershire,['Gloucestershire'],-2.1524,51.8197,3,0,0,3,0,0,0,0,0,0,0,0,0,0,3,0,Wild
Wild.Clutch.183,2023,Eurasian Curlew,Numenius arquata,Grassland,England,Gloucestershire,['Gloucestershire'],-2.1524,51.8197,4,0,4,0,0,0,0,0,0,4,0,0,0,4,0,0,Wild
Wild.Clutch.184,2023,Eurasian Curlew,Numenius arquata,Grassland,England,Gloucestershire,['Gloucestershire'],-2.1524,51.8197,4,0,4,0,0,0,0,0,0,4,0,0,0,4,0,0,Wild
Wild.Clutch.185,2023,Eurasian Curlew,Numenius arquata,Grassland,England,Worcestershire,['Worcestershire'],-2.2094,52.2129,3,0,0,3,0,0,0,0,0,0,0,3,0,0,0,0,Wild
Wild.Clutch.186,2023,Eurasian Curlew,Numenius arquata,Grassland,England,Worcestershire,['Worcestershire'],-2.2094,52.2129,4,3,1,0,0,0,0,0,0,1,0,0,0,1,0,3,Wild
Wild.Clutch.187,2023,Eurasian Curlew,Numenius arquata,Grassland,England,Worcestershire,['Worcestershire'],-2.2094,52.2129,4,1,3,0,0,0,0,2,0,1,0,2,0,1,0,1,Wild
Wild.Clutch.188,2023,Eurasian Curlew,Numenius arquata,Grassland,England,Worcestershire,['Worcestershire'],-2.2094,52.2129,4,4,0,0,0,0,0,0,0,0,0,0,0,0,0,4,Wild
Wild.Clutch.189,2023,Eurasian Curlew,Numenius arquata,Grassland,England,Worcestershire,['Worcestershire'],-2.2094,52.2129,4,4,0,0,0,0,0,0,0,0,0,0,0,0,0,4,Wild
Wild.Clutch.190,2023,Eurasian Curlew,Numenius arquata,Grassland,England,Worcestershire,['Worcestershire'],-2.2094,52.2129,4,0,0,4,0,0,0,0,0,0,0,0,0,2,2,0,Wild
Wild.Clutch.191,2023,Eurasian Curlew,Numenius arquata,Grassland,England,Worcestershire,['Worcestershire'],-2.2094,52.2129,4,0,0,4,0,0,0,0,0,0,0,4,0,0,0,0,Wild
Wild.Clutch.192,2023,Eurasian Curlew,Numenius arquata,Grassland,England,Gloucestershire,['Gloucestershire'],-2.1524,51.8197,4,3,1,0,0,0,0,1,0,0,0,1,0,0,0,3,Wild
Wild.Clutch.193,2023,Eurasian Curlew,Numenius arquata,NA,England,Cumbria,['Cumbria'],-2.9021,54.6364,3,3,0,0,0,0,0,0,0,0,0,0,0,0,0,3,Wild
Wild.Clutch.194,2023,Eurasian Curlew,Numenius arquata,NA,England,Cumbria,['Cumbria'],-2.9021,54.6364,4,4,0,0,0,0,0,0,0,0,0,0,0,0,0,4,Wild
Wild.Clutch.195,2023,Eurasian Curlew,Numenius arquata,NA,England,Cumbria,['Cumbria'],-2.9021,54.6364,4,2,2,0,0,0,0,0,0,0,2,0,0,0,2,2,Wild
Wild.Clutch.196,2023,Eurasian Curlew,Numenius arquata,NA,England,Cumbria,['Cumbria'],-2.9021,54.6364,4,2,2,0,0,0,0,0,0,1,1,0,0,1,1,2,Wild
Wild.Clutch.197,2023,Eurasian Curlew,Numenius arquata,NA,England,Cumbria,['Cumbria'],-2.9021,54.6364,2,1,1,0,0,0,0,0,0,1,0,0,0,1,0,1,Wild
Wild.Clutch.198,2023,Eurasian Curlew,Numenius arquata,NA,England,Cumbria,['Cumbria'],-2.9021,54.6364,3,2,0,0,0,0,1,0,0,0,0,0,0,0,0,2,Wild
Wild.Clutch.199,2023,Eurasian Curlew,Numenius arquata,NA,England,Cumbria,['Cumbria'],-2.9021,54.6364,4,1,2,0,0,0,1,0,0,2,0,0,0,2,0,1,Wild
Wild.Clutch.200,2023,Eurasian Curlew,Numenius arquata,NA,England,Cumbria,['Cumbria'],-2.9021,54.6364,3,3,0,0,0,0,0,0,0,0,0,0,0,0,0,3,Wild
Wild.Clutch.201,2023,Eurasian Curlew,Numenius arquata,NA,England,Cumbria,['Cumbria'],-2.9021,54.6364,3,2,1,0,0,0,0,0,1,0,0,0,1,0,0,2,Wild
Wild.Clutch.202,2023,Eurasian Curlew,Numenius arquata,NA,England,Cumbria,['Cumbria'],-2.9021,54.6364,4,0,4,0,0,0,0,0,0,4,0,0,0,4,0,0,Wild
Wild.Clutch.203,2023,Eurasian Curlew,Numenius arquata,Grassland,England,Shropshire,['Shropshire'],-2.7367,52.6221,4,3,0,0,1,0,0,0,0,0,0,0,0,0,0,3,Wild
Wild.Clutch.204,2023,Eurasian Curlew,Numenius arquata,Grassland,England,Oxfordshire,['Oxfordshire'],-1.2915,51.7716,4,4,0,0,0,0,0,0,0,0,0,0,0,0,0,4,Wild
Wild.Clutch.205,2024,Eurasian Curlew,Numenius arquata,Grassland,Northern Ireland,Fermanagh,County Fermanagh,-7.5271,54.3852,4,4,0,0,0,0,0,0,0,0,0,0,0,0,0,4,Wild
Wild.Clutch.206,2024,Eurasian Curlew,Numenius arquata,Grassland,Northern Ireland,Fermanagh,County Fermanagh,-7.5271,54.3852,4,4,0,0,0,0,0,0,0,0,0,0,0,0,0,4,Wild
Wild.Clutch.207,2024,Eurasian Curlew,Numenius arquata,Grassland,Northern Ireland,Fermanagh,County Fermanagh,-7.5271,54.3852,4,4,0,0,0,0,0,0,0,0,0,0,0,0,0,4,Wild
Wild.Clutch.208,2024,Eurasian Curlew,Numenius arquata,Grassland,Northern Ireland,Fermanagh,County Fermanagh,-7.5271,54.3852,4,4,0,0,0,0,0,0,0,0,0,0,0,0,0,4,Wild
Wild.Clutch.209,2024,Eurasian Curlew,Numenius arquata,Grassland,Northern Ireland,Fermanagh,County Fermanagh,-7.5271,54.3852,4,4,0,0,0,0,0,0,0,0,0,0,0,0,0,4,Wild
Wild.Clutch.210,2024,Eurasian Curlew,Numenius arquata,Grassland,Northern Ireland,Fermanagh,County Fermanagh,-7.5271,54.3852,4,4,0,0,0,0,0,0,0,0,0,0,0,0,0,4,Wild
Wild.Clutch.211,2024,Eurasian Curlew,Numenius arquata,Grassland,Northern Ireland,Fermanagh,County Fermanagh,-7.5271,54.3852,4,3,1,0,0,0,0,0,0,1,0,0,0,1,0,3,Wild
Wild.Clutch.212,2024,Eurasian Curlew,Numenius arquata,Grassland,Northern Ireland,Fermanagh,County Fermanagh,-7.5271,54.3852,4,4,0,0,0,0,0,0,0,0,0,0,0,0,0,4,Wild
Wild.Clutch.213,2024,Eurasian Curlew,Numenius arquata,Grassland,Northern Ireland,Fermanagh,County Fermanagh,-7.5271,54.3852,4,4,0,0,0,0,0,0,0,0,0,0,0,0,0,4,Wild
Wild.Clutch.214,2024,Eurasian Curlew,Numenius arquata,Grassland,Northern Ireland,Fermanagh,County Fermanagh,-7.5271,54.3852,4,3,0,0,0,0,1,0,0,0,0,0,0,0,0,3,Wild
Wild.Clutch.215,2024,Eurasian Curlew,Numenius arquata,Grassland,Northern Ireland,Fermanagh,County Fermanagh,-7.5271,54.3852,3,2,0,0,0,0,1,0,0,0,0,0,0,0,0,2,Wild
Wild.Clutch.216,2024,Eurasian Curlew,Numenius arquata,Grassland,Northern Ireland,Fermanagh,County Fermanagh,-7.5271,54.3852,4,4,0,0,0,0,0,0,0,0,0,0,0,0,0,4,Wild
Wild.Clutch.217,2024,Eurasian Curlew,Numenius arquata,Grassland,Northern Ireland,Fermanagh,County Fermanagh,-7.5271,54.3852,4,4,0,0,0,0,0,0,0,0,0,0,0,0,0,4,Wild
Wild.Clutch.218,2024,Eurasian Curlew,Numenius arquata,Grassland,Northern Ireland,Fermanagh,County Fermanagh,-7.5271,54.3852,4,2,0,0,2,0,0,0,0,0,0,0,0,0,0,2,Wild
Wild.Clutch.219,2024,Eurasian Curlew,Numenius arquata,Grassland,Northern Ireland,Fermanagh,County Fermanagh,-7.5271,54.3852,4,3,0,0,0,0,1,0,0,0,0,0,0,0,0,3,Wild
Wild.Clutch.220,2024,Eurasian Curlew,Numenius arquata,Grassland,England,Northumberland,['Northumberland'],-2.0752,55.3004,4,4,0,0,0,0,0,0,0,0,0,0,0,0,0,4,Wild
Wild.Clutch.221,2024,Eurasian Curlew,Numenius arquata,Grassland,England,Northumberland,['Northumberland'],-2.0752,55.3004,4,4,0,0,0,0,0,0,0,0,0,0,0,0,0,4,Wild
Wild.Clutch.222,2024,Eurasian Curlew,Numenius arquata,Grassland,England,Northumberland,['Northumberland'],-2.0752,55.3004,4,2,2,0,0,0,0,0,0,2,0,0,0,2,0,2,Wild
Wild.Clutch.223,2024,Eurasian Curlew,Numenius arquata,Grassland,England,Northumberland,['Northumberland'],-2.0752,55.3004,4,3,1,0,0,0,0,1,0,0,0,1,0,0,0,3,Wild
Wild.Clutch.224,2024,Eurasian Curlew,Numenius arquata,Mixed,England,Northumberland,['Northumberland'],-2.0752,55.3004,4,3,1,0,0,0,0,1,0,0,0,1,0,0,0,3,Wild
Wild.Clutch.225,2024,Eurasian Curlew,Numenius arquata,Grassland,England,Northumberland,['Northumberland'],-2.0752,55.3004,3,3,0,0,0,0,0,0,0,0,0,0,0,0,0,3,Wild
Wild.Clutch.226,2024,Eurasian Curlew,Numenius arquata,Grassland,England,Cumbria,['Cumbria'],-2.9021,54.6364,4,3,0,0,0,1,0,0,0,0,0,0,0,0,0,3,Wild
Wild.Clutch.227,2024,Eurasian Curlew,Numenius arquata,Grassland,England,Lancashire,['Lancashire'],-2.4609,53.8622,4,4,0,0,0,0,0,0,0,0,0,0,0,0,0,4,Wild
Wild.Clutch.228,2024,Eurasian Curlew,Numenius arquata,Grassland,England,Lancashire,['Lancashire'],-2.4609,53.8622,4,4,0,0,0,0,0,0,0,0,0,0,0,0,0,4,Wild
Wild.Clutch.229,2024,Eurasian Curlew,Numenius arquata,Moorland,England,Lancashire,['Lancashire'],-2.4609,53.8622,4,4,0,0,0,0,0,0,0,0,0,0,0,0,0,4,Wild
Wild.Clutch.230,2024,Eurasian Curlew,Numenius arquata,Grassland,England,Lancashire,['Lancashire'],-2.4609,53.8622,4,4,0,0,0,0,0,0,0,0,0,0,0,0,0,4,Wild
Wild.Clutch.231,2024,Eurasian Curlew,Numenius arquata,NA,Wales,Conwy County Borough,['Conwy'],-3.7465,53.1474,4,4,0,0,0,0,0,0,0,0,0,0,0,0,0,4,Wild
Wild.Clutch.232,2024,Eurasian Curlew,Numenius arquata,NA,Wales,Conwy County Borough,['Conwy'],-3.7465,53.1474,4,4,0,0,0,0,0,0,0,0,0,0,0,0,0,4,Wild
Wild.Clutch.233,2024,Eurasian Curlew,Numenius arquata,NA,Wales,Conwy County Borough,['Conwy'],-3.7465,53.1474,4,4,0,0,0,0,0,0,0,0,0,0,0,0,0,4,Wild
Wild.Clutch.234,2024,Eurasian Curlew,Numenius arquata,NA,Wales,Conwy County Borough,['Conwy'],-3.7465,53.1474,4,4,0,0,0,0,0,0,0,0,0,0,0,0,0,4,Wild
Wild.Clutch.235,2024,Eurasian Curlew,Numenius arquata,NA,Wales,Conwy County Borough,['Conwy'],-3.7465,53.1474,4,4,0,0,0,0,0,0,0,0,0,0,0,0,0,4,Wild
Wild.Clutch.236,2024,Eurasian Curlew,Numenius arquata,NA,Wales,Conwy County Borough,['Conwy'],-3.7465,53.1474,3,3,0,0,0,0,0,0,0,0,0,0,0,0,0,3,Wild
Wild.Clutch.237,2024,Eurasian Curlew,Numenius arquata,NA,Wales,Conwy County Borough,['Conwy'],-3.7465,53.1474,4,4,0,0,0,0,0,0,0,0,0,0,0,0,0,4,Wild
Wild.Clutch.238,2024,Eurasian Curlew,Numenius arquata,NA,Wales,Conwy County Borough,['Conwy'],-3.7465,53.1474,4,4,0,0,0,0,0,0,0,0,0,0,0,0,0,4,Wild
Wild.Clutch.239,2024,Eurasian Curlew,Numenius arquata,NA,Wales,Conwy County Borough,['Conwy'],-3.7465,53.1474,4,4,0,0,0,0,0,0,0,0,0,0,0,0,0,4,Wild
Wild.Clutch.240,2024,Eurasian Curlew,Numenius arquata,NA,Wales,Conwy County Borough,['Conwy'],-3.7465,53.1474,4,4,0,0,0,0,0,0,0,0,0,0,0,0,0,4,Wild
Wild.Clutch.241,2024,Eurasian Curlew,Numenius arquata,NA,Wales,Conwy County Borough,['Conwy'],-3.7465,53.1474,4,3,1,0,0,0,0,0,0,0,1,0,0,0,1,3,Wild
Wild.Clutch.242,2024,Eurasian Curlew,Numenius arquata,NA,Wales,Conwy County Borough,['Conwy'],-3.7465,53.1474,4,4,0,0,0,0,0,0,0,0,0,0,0,0,0,4,Wild
Wild.Clutch.243,2024,Eurasian Curlew,Numenius arquata,NA,Wales,Conwy County Borough,['Conwy'],-3.7465,53.1474,4,4,0,0,0,0,0,0,0,0,0,0,0,0,0,4,Wild
Wild.Clutch.244,2024,Eurasian Curlew,Numenius arquata,NA,Wales,Conwy County Borough,['Conwy'],-3.7465,53.1474,4,3,1,0,0,0,0,1,0,0,0,1,0,0,0,3,Wild
Wild.Clutch.245,2024,Eurasian Curlew,Numenius arquata,NA,Wales,Conwy County Borough,['Conwy'],-3.7465,53.1474,4,2,2,0,0,0,0,0,0,0,2,0,0,0,2,2,Wild
Wild.Clutch.246,2024,Eurasian Curlew,Numenius arquata,NA,Wales,Conwy County Borough,['Conwy'],-3.7465,53.1474,3,3,0,0,0,0,0,0,0,0,0,0,0,0,0,3,Wild
Wild.Clutch.247,2024,Eurasian Curlew,Numenius arquata,Wetland,Scotland,Inverness,['Highland'],-4.661,57.5866,4,4,0,0,0,0,0,0,0,0,0,0,0,0,0,4,Wild
Wild.Clutch.248,2024,Eurasian Curlew,Numenius arquata,Wetland,Scotland,Inverness,['Highland'],-4.661,57.5866,4,4,0,0,0,0,0,0,0,0,0,0,0,0,0,4,Wild
Wild.Clutch.249,2024,Eurasian Curlew,Numenius arquata,Wetland,Scotland,Inverness,['Highland'],-4.661,57.5866,4,4,0,0,0,0,0,0,0,0,0,0,0,0,0,4,Wild
Wild.Clutch.250,2024,Eurasian Curlew,Numenius arquata,Wetland,Scotland,Inverness,['Highland'],-4.661,57.5866,4,3,1,0,0,0,0,0,0,0,1,0,0,0,1,3,Wild
Wild.Clutch.251,2024,Eurasian Curlew,Numenius arquata,Wetland,Scotland,Inverness,['Highland'],-4.661,57.5866,5,5,0,0,0,0,0,0,0,0,0,0,0,0,0,5,Wild
Wild.Clutch.252,2024,Eurasian Curlew,Numenius arquata,Wetland,Scotland,Inverness,['Highland'],-4.661,57.5866,4,4,0,0,0,0,0,0,0,0,0,0,0,0,0,4,Wild
Wild.Clutch.253,2024,Eurasian Curlew,Numenius arquata,Wetland,Scotland,Inverness,['Highland'],-4.661,57.5866,3,3,0,0,0,0,0,0,0,0,0,0,0,0,0,3,Wild
Wild.Clutch.254,2024,Eurasian Curlew,Numenius arquata,Wetland,Scotland,Inverness,['Highland'],-4.661,57.5866,3,1,2,0,0,0,0,0,0,0,2,0,0,0,2,1,Wild
Wild.Clutch.255,2024,Eurasian Curlew,Numenius arquata,Wetland,Scotland,Inverness,['Highland'],-4.661,57.5866,4,4,0,0,0,0,0,0,0,0,0,0,0,0,0,4,Wild
Wild.Clutch.256,2024,Eurasian Curlew,Numenius arquata,Wetland,Scotland,Inverness,['Highland'],-4.661,57.5866,4,0,0,0,4,0,0,0,0,0,0,0,0,0,0,0,Wild
Wild.Clutch.257,2024,Eurasian Curlew,Numenius arquata,Wetland,Scotland,Inverness,['Highland'],-4.661,57.5866,4,3,1,0,0,0,0,0,0,0,1,0,0,0,1,3,Wild
Wild.Clutch.258,2024,Eurasian Curlew,Numenius arquata,Wetland,Scotland,Inverness,['Highland'],-4.661,57.5866,4,4,0,0,0,0,0,0,0,0,0,0,0,0,0,4,Wild
Wild.Clutch.259,2024,Eurasian Curlew,Numenius arquata,Wetland,Scotland,Inverness,['Highland'],-4.661,57.5866,4,3,1,0,0,0,0,0,0,0,1,0,0,0,1,3,Wild
Wild.Clutch.260,2024,Eurasian Curlew,Numenius arquata,Wetland,Scotland,Inverness,['Highland'],-4.661,57.5866,4,1,0,0,3,0,0,0,0,0,0,0,0,0,0,1,Wild
Wild.Clutch.261,2024,Eurasian Curlew,Numenius arquata,Wetland,Scotland,Inverness,['Highland'],-4.661,57.5866,2,2,0,0,0,0,0,0,0,0,0,0,0,0,0,2,Wild
Wild.Clutch.262,2024,Eurasian Curlew,Numenius arquata,Wetland,Scotland,Inverness,['Highland'],-4.661,57.5866,4,4,0,0,0,0,0,0,0,0,0,0,0,0,0,4,Wild
Wild.Clutch.263,2024,Eurasian Curlew,Numenius arquata,Wetland,Scotland,Inverness,['Highland'],-4.661,57.5866,3,0,0,0,3,0,0,0,0,0,0,0,0,0,0,0,Wild
Wild.Clutch.264,2024,Eurasian Curlew,Numenius arquata,Wetland,Scotland,Inverness,['Highland'],-4.661,57.5866,4,4,0,0,0,0,0,0,0,0,0,0,0,0,0,4,Wild
Wild.Clutch.265,2024,Eurasian Curlew,Numenius arquata,Wetland,Scotland,Inverness,['Highland'],-4.661,57.5866,4,4,0,0,0,0,0,0,0,0,0,0,0,0,0,4,Wild
Wild.Clutch.266,2024,Eurasian Curlew,Numenius arquata,Wetland,Scotland,Inverness,['Highland'],-4.661,57.5866,4,2,2,0,0,0,0,0,0,0,2,0,0,0,2,2,Wild
Wild.Clutch.267,2024,Eurasian Curlew,Numenius arquata,Wetland,Scotland,Inverness,['Highland'],-4.661,57.5866,4,2,2,0,0,0,0,0,0,0,2,0,0,0,2,2,Wild
Wild.Clutch.268,2024,Eurasian Curlew,Numenius arquata,Wetland,Scotland,Inverness,['Highland'],-4.661,57.5866,4,4,0,0,0,0,0,0,0,0,0,0,0,0,0,4,Wild
Wild.Clutch.269,2024,Eurasian Curlew,Numenius arquata,Wetland,Scotland,Inverness,['Highland'],-4.661,57.5866,3,2,1,0,0,0,0,0,0,0,1,0,0,0,1,2,Wild
Wild.Clutch.270,2024,Eurasian Curlew,Numenius arquata,Wetland,Scotland,Inverness,['Highland'],-4.661,57.5866,4,4,0,0,0,0,0,0,0,0,0,0,0,0,0,4,Wild
Wild.Clutch.271,2024,Eurasian Curlew,Numenius arquata,Wetland,Scotland,Inverness,['Highland'],-4.661,57.5866,2,0,0,0,2,0,0,0,0,0,0,0,0,0,0,0,Wild
Wild.Clutch.272,2024,Eurasian Curlew,Numenius arquata,Wetland,Scotland,Inverness,['Highland'],-4.661,57.5866,4,0,0,0,4,0,0,0,0,0,0,0,0,0,0,0,Wild
Wild.Clutch.273,2024,Eurasian Curlew,Numenius arquata,Wetland,Scotland,Inverness,['Highland'],-4.661,57.5866,4,4,0,0,0,0,0,0,0,0,0,0,0,0,0,4,Wild
Wild.Clutch.274,2024,Eurasian Curlew,Numenius arquata,Grassland,England,Shropshire,['Shropshire'],-2.7367,52.6221,4,0,0,0,4,0,0,0,0,0,0,0,0,0,0,0,Wild
Wild.Clutch.275,2024,Eurasian Curlew,Numenius arquata,NA,England,Shropshire,['Shropshire'],-2.7367,52.6221,4,0,0,4,0,0,0,0,0,0,0,2,0,0,2,0,Wild
Wild.Clutch.276,2024,Eurasian Curlew,Numenius arquata,Grassland,England,Shropshire,['Shropshire'],-2.7367,52.6221,3,0,0,1,2,0,0,0,0,0,0,1,0,0,0,0,Wild
Wild.Clutch.277,2024,Eurasian Curlew,Numenius arquata,NA,England,Shropshire,['Shropshire'],-2.7367,52.6221,2,0,0,0,2,0,0,0,0,0,0,0,0,0,0,0,Wild
Wild.Clutch.278,2024,Eurasian Curlew,Numenius arquata,Grassland,England,Shropshire,['Shropshire'],-2.7367,52.6221,4,2,2,0,0,0,0,0,0,2,0,0,0,2,0,2,Wild
Wild.Clutch.279,2024,Eurasian Curlew,Numenius arquata,Grassland,England,Shropshire,['Shropshire'],-2.7367,52.6221,3,0,0,0,3,0,0,0,0,0,0,0,0,0,0,0,Wild
Wild.Clutch.280,2024,Eurasian Curlew,Numenius arquata,Grassland,Wales,Powys,['Powys'],-3.4353,52.3486,3,1,2,0,0,0,0,0,1,1,0,0,1,1,0,1,Wild
Wild.Clutch.281,2024,Eurasian Curlew,Numenius arquata,Grassland,England,Herefordshire,['Hertfordshire'],-2.7393,52.0816,3,0,0,3,0,0,0,0,0,0,0,2,0,0,1,0,Wild
Wild.Clutch.282,2024,Eurasian Curlew,Numenius arquata,Grassland,England,North Yorkshire,['North Yorkshire'],-1.5503,54.0937,4,4,0,0,0,0,0,0,0,0,0,0,0,0,0,4,Wild
Wild.Clutch.283,2024,Eurasian Curlew,Numenius arquata,Grassland,England,North Yorkshire,['North Yorkshire'],-1.5503,54.0937,4,4,0,0,0,0,0,0,0,0,0,0,0,0,0,4,Wild
Wild.Clutch.284,2024,Eurasian Curlew,Numenius arquata,Grassland,England,North Yorkshire,['North Yorkshire'],-1.5503,54.0937,4,4,0,0,0,0,0,0,0,0,0,0,0,0,0,4,Wild
Wild.Clutch.285,2024,Eurasian Curlew,Numenius arquata,Grassland,England,North Yorkshire,['North Yorkshire'],-1.5503,54.0937,4,3,1,0,0,0,0,1,0,0,0,1,0,0,0,3,Wild
Wild.Clutch.286,2024,Eurasian Curlew,Numenius arquata,Grassland,England,North Yorkshire,['North Yorkshire'],-1.5503,54.0937,4,4,0,0,0,0,0,0,0,0,0,0,0,0,0,4,Wild
Wild.Clutch.287,2024,Eurasian Curlew,Numenius arquata,Grassland,England,North Yorkshire,['North Yorkshire'],-1.5503,54.0937,4,4,0,0,0,0,0,0,0,0,0,0,0,0,0,4,Wild
Wild.Clutch.288,2024,Eurasian Curlew,Numenius arquata,Grassland,England,North Yorkshire,['North Yorkshire'],-1.5503,54.0937,4,1,0,3,0,0,0,0,0,0,0,0,0,3,0,1,Wild
Wild.Clutch.289,2024,Eurasian Curlew,Numenius arquata,Grassland,England,North Yorkshire,['North Yorkshire'],-1.5503,54.0937,4,0,0,3,0,0,1,0,0,0,0,1,0,2,0,0,Wild
Wild.Clutch.290,2024,Eurasian Curlew,Numenius arquata,Grassland,England,North Yorkshire,['North Yorkshire'],-1.5503,54.0937,4,0,0,4,0,0,0,0,0,0,0,0,0,4,0,0,Wild
Wild.Clutch.291,2024,Eurasian Curlew,Numenius arquata,Grassland,England,North Yorkshire,['North Yorkshire'],-1.5503,54.0937,4,2,0,0,2,0,0,0,0,0,0,0,0,0,0,2,Wild
Wild.Clutch.292,2024,Eurasian Curlew,Numenius arquata,NA,England,North Yorkshire,['North Yorkshire'],-1.5503,54.0937,4,3,1,0,0,0,0,1,0,0,0,1,0,0,0,3,Wild
Wild.Clutch.293,2024,Eurasian Curlew,Numenius arquata,Grassland,England,North Yorkshire,['North Yorkshire'],-1.5503,54.0937,3,3,0,0,0,0,0,0,0,0,0,0,0,0,0,3,Wild
Wild.Clutch.294,2024,Eurasian Curlew,Numenius arquata,Mixed,England,North Yorkshire,['North Yorkshire'],-1.5503,54.0937,4,4,0,0,0,0,0,0,0,0,0,0,0,0,0,4,Wild
Wild.Clutch.295,2024,Eurasian Curlew,Numenius arquata,Grassland,England,North Yorkshire,['North Yorkshire'],-1.5503,54.0937,3,1,2,0,0,0,0,0,1,1,0,0,1,1,0,1,Wild
Wild.Clutch.296,2024,Eurasian Curlew,Numenius arquata,Grassland,England,North Yorkshire,['North Yorkshire'],-1.5503,54.0937,4,4,0,0,0,0,0,0,0,0,0,0,0,0,0,4,Wild
Wild.Clutch.297,2024,Eurasian Curlew,Numenius arquata,Grassland,England,North Yorkshire,['North Yorkshire'],-1.5503,54.0937,4,3,1,0,0,0,0,0,0,0,1,0,0,0,1,3,Wild
Wild.Clutch.298,2024,Eurasian Curlew,Numenius arquata,Grassland,England,North Yorkshire,['North Yorkshire'],-1.5503,54.0937,4,0,0,0,4,0,0,0,0,0,0,0,0,0,0,0,Wild
Wild.Clutch.299,2024,Eurasian Curlew,Numenius arquata,Grassland,England,North Yorkshire,['North Yorkshire'],-1.5503,54.0937,4,0,4,0,0,0,0,0,1,3,0,0,1,3,0,0,Wild
Wild.Clutch.300,2024,Eurasian Curlew,Numenius arquata,Grassland,England,North Yorkshire,['North Yorkshire'],-1.5503,54.0937,5,5,0,0,0,0,0,0,0,0,0,0,0,0,0,5,Wild
Wild.Clutch.301,2024,Eurasian Curlew,Numenius arquata,Grassland,England,North Yorkshire,['North Yorkshire'],-1.5503,54.0937,4,4,0,0,0,0,0,0,0,0,0,0,0,0,0,4,Wild
Wild.Clutch.302,2024,Eurasian Curlew,Numenius arquata,Grassland,England,North Yorkshire,['North Yorkshire'],-1.5503,54.0937,NA,0,0,0,0,0,3,0,0,0,0,0,0,0,0,0,Wild
Wild.Clutch.303,2024,Eurasian Curlew,Numenius arquata,Wetland,England,Oxfordshire,['Oxfordshire'],-1.2915,51.7716,4,4,0,0,0,0,0,0,0,0,0,0,0,0,0,4,Wild
Wild.Clutch.304,2024,Eurasian Curlew,Numenius arquata,Wetland,England,Oxfordshire,['Oxfordshire'],-1.2915,51.7716,4,3,1,0,0,0,0,0,0,1,0,0,0,1,0,3,Wild
Wild.Clutch.305,2024,Eurasian Curlew,Numenius arquata,Wetland,England,Oxfordshire,['Oxfordshire'],-1.2915,51.7716,4,0,0,0,4,0,0,0,0,0,0,0,0,0,0,0,Wild
Wild.Clutch.306,2024,Eurasian Curlew,Numenius arquata,Wetland,England,Oxfordshire,['Oxfordshire'],-1.2915,51.7716,4,2,1,0,0,1,0,0,0,1,0,0,0,1,0,2,Wild
Wild.Clutch.307,2024,Eurasian Curlew,Numenius arquata,Wetland,England,Oxfordshire,['Oxfordshire'],-1.2915,51.7716,2,0,0,0,2,0,0,0,0,0,0,0,0,0,0,0,Wild
Wild.Clutch.308,2024,Eurasian Curlew,Numenius arquata,Wetland,England,Oxfordshire,['Oxfordshire'],-1.2915,51.7716,4,0,0,0,4,0,0,0,0,0,0,0,0,0,0,0,Wild
Wild.Clutch.309,2024,Eurasian Curlew,Numenius arquata,Grassland,England,Oxfordshire,['Oxfordshire'],-1.2915,51.7716,4,4,0,0,0,0,0,0,0,0,0,0,0,0,0,4,Wild
Wild.Clutch.310,2024,Eurasian Curlew,Numenius arquata,Grassland,England,Oxfordshire,['Oxfordshire'],-1.2915,51.7716,4,4,0,0,0,0,0,0,0,0,0,0,0,0,0,4,Wild
Wild.Clutch.311,2024,Eurasian Curlew,Numenius arquata,Wetland,England,Oxfordshire,['Oxfordshire'],-1.2915,51.7716,4,0,0,0,4,0,0,0,0,0,0,0,0,0,0,0,Wild
Wild.Clutch.312,2024,Eurasian Curlew,Numenius arquata,Wetland,England,Oxfordshire,['Oxfordshire'],-1.2915,51.7716,NA,0,0,0,1,0,0,0,0,0,0,0,0,0,0,0,Wild
Wild.Clutch.313,2024,Eurasian Curlew,Numenius arquata,Wetland,England,NA,NA,NA,NA,4,0,0,0,0,0,4,0,0,0,0,0,0,0,0,0,Wild
Wild.Clutch.314,2024,Eurasian Curlew,Numenius arquata,Grassland,England,NA,NA,NA,NA,4,3,1,0,0,0,0,0,0,0,1,0,0,0,1,3,Wild
Wild.Clutch.315,2024,Eurasian Curlew,Numenius arquata,Grassland,England,NA,NA,NA,NA,2,0,0,0,2,0,0,0,0,0,0,0,0,0,0,0,Wild
Wild.Clutch.316,2024,Eurasian Curlew,Numenius arquata,NA,England,North Yorkshire,['North Yorkshire'],-1.5503,54.0937,4,4,0,0,0,0,0,0,0,0,0,0,0,0,0,4,Wild
Wild.Clutch.317,2024,Eurasian Curlew,Numenius arquata,NA,England,North Yorkshire,['North Yorkshire'],-1.5503,54.0937,4,2,1,0,0,1,0,0,0,0,1,0,0,0,1,2,Wild
Wild.Clutch.318,2024,Eurasian Curlew,Numenius arquata,Grassland,Wales,NA,NA,NA,NA,4,0,0,4,0,0,0,0,0,0,0,1,0,2,1,0,Wild
Wild.Clutch.319,2024,Eurasian Curlew,Numenius arquata,Grassland,Wales,Monmouthshire,['Monmouthshire'],-2.9028,51.7783,4,0,0,4,0,0,0,0,0,0,0,1,0,3,0,0,Wild
Wild.Clutch.320,2024,Eurasian Curlew,Numenius arquata,Grassland,Wales,NA,NA,NA,NA,3,0,0,3,0,0,0,0,0,0,0,0,0,0,3,0,Wild
Wild.Clutch.321,2024,Eurasian Curlew,Numenius arquata,Arable,Wales,NA,NA,NA,NA,4,4,0,0,0,0,0,0,0,0,0,0,0,0,0,4,Wild
Wild.Clutch.322,2024,Eurasian Curlew,Numenius arquata,NA,England,Cumbria,['Cumbria'],-2.9021,54.6364,4,3,1,0,0,0,0,0,0,1,0,0,0,1,0,3,Wild
Wild.Clutch.323,2024,Eurasian Curlew,Numenius arquata,NA,England,Cumbria,['Cumbria'],-2.9021,54.6364,4,4,0,0,0,0,0,0,0,0,0,0,0,0,0,4,Wild
Wild.Clutch.324,2024,Eurasian Curlew,Numenius arquata,Military,England,North Yorkshire,['North Yorkshire'],-1.5503,54.0937,2,0,0,2,0,0,0,0,0,0,0,1,1,0,0,0,Wild
Wild.Clutch.325,2024,Eurasian Curlew,Numenius arquata,Grassland,Wales,NA,NA,NA,NA,3,1,1,0,0,1,0,1,0,0,0,1,0,0,0,1,Wild
Wild.Clutch.326,2024,Eurasian Curlew,Numenius arquata,Grassland,Scotland,Aberdeenshire,['Aberdeenshire'],-2.7921,57.2347,4,4,0,0,0,0,0,0,0,0,0,0,0,0,0,4,Wild
Wild.Clutch.327,2024,Eurasian Curlew,Numenius arquata,Grassland,Scotland,Aberdeenshire,['Aberdeenshire'],-2.7921,57.2347,3,3,0,0,0,0,0,0,0,0,0,0,0,0,0,3,Wild
Wild.Clutch.328,2024,Eurasian Curlew,Numenius arquata,Grassland,England,Shropshire,['Shropshire'],-2.7367,52.6221,3,0,0,3,0,0,0,0,0,0,0,0,0,2,1,0,Wild
Wild.Clutch.329,2024,Eurasian Curlew,Numenius arquata,Grassland,England,Shropshire,['Shropshire'],-2.7367,52.6221,4,3,1,0,0,0,0,0,0,1,0,0,0,1,0,3,Wild
Wild.Clutch.330,2024,Eurasian Curlew,Numenius arquata,Grassland,England,Shropshire,['Shropshire'],-2.7367,52.6221,4,2,2,0,0,0,0,0,0,1,1,0,0,1,1,2,Wild
Wild.Clutch.331,2024,Eurasian Curlew,Numenius arquata,Grassland,England,Shropshire,['Shropshire'],-2.7367,52.6221,4,0,0,0,0,0,4,0,0,0,0,0,0,0,0,0,Wild
Wild.Clutch.332,2024,Eurasian Curlew,Numenius arquata,Grassland,England,Shropshire,['Shropshire'],-2.7367,52.6221,4,3,1,0,0,0,0,0,0,1,0,0,0,1,0,3,Wild
Wild.Clutch.333,2024,Eurasian Curlew,Numenius arquata,Grassland,England,Shropshire,['Shropshire'],-2.7367,52.6221,4,1,0,0,2,1,0,0,0,0,0,0,0,0,0,1,Wild
Wild.Clutch.334,2024,Eurasian Curlew,Numenius arquata,Grassland,England,Shropshire,['Shropshire'],-2.7367,52.6221,4,0,0,4,0,0,0,0,0,0,0,0,0,0,4,0,Wild
Wild.Clutch.335,2024,Eurasian Curlew,Numenius arquata,Grassland,England,Shropshire,['Shropshire'],-2.7367,52.6221,3,2,1,0,0,0,0,0,0,1,0,0,0,1,0,2,Wild
Wild.Clutch.336,2024,Eurasian Curlew,Numenius arquata,Grassland,England,Lancashire,['Lancashire'],-2.4609,53.8622,4,3,1,0,0,0,0,0,0,0,1,0,0,0,1,3,Wild
Wild.Clutch.337,2024,Eurasian Curlew,Numenius arquata,Grassland,England,Lancashire,['Lancashire'],-2.4609,53.8622,4,4,0,0,0,0,0,0,0,0,0,0,0,0,0,4,Wild
Wild.Clutch.338,2024,Eurasian Curlew,Numenius arquata,Grassland,England,Lancashire,['Lancashire'],-2.4609,53.8622,3,2,1,0,0,0,0,0,0,1,0,0,0,1,0,2,Wild
Wild.Clutch.339,2024,Eurasian Curlew,Numenius arquata,Grassland,England,North Yorkshire,['North Yorkshire'],-1.5503,54.0937,4,4,0,0,0,0,0,0,0,0,0,0,0,0,0,4,Wild
Wild.Clutch.340,2024,Eurasian Curlew,Numenius arquata,Grassland,England,Lancashire,['Lancashire'],-2.4609,53.8622,4,4,0,0,0,0,0,0,0,0,0,0,0,0,0,4,Wild
Wild.Clutch.341,2024,Eurasian Curlew,Numenius arquata,Grassland,England,Lancashire,['Lancashire'],-2.4609,53.8622,4,4,0,0,0,0,0,0,0,0,0,0,0,0,0,4,Wild
Wild.Clutch.342,2024,Eurasian Curlew,Numenius arquata,Grassland,England,Lancashire,['Lancashire'],-2.4609,53.8622,4,4,0,0,0,0,0,0,0,0,0,0,0,0,0,4,Wild
Wild.Clutch.343,2024,Eurasian Curlew,Numenius arquata,Grassland,England,Lancashire,['Lancashire'],-2.4609,53.8622,4,3,1,0,0,0,0,0,0,1,0,0,0,1,0,3,Wild
Wild.Clutch.344,2024,Eurasian Curlew,Numenius arquata,Grassland,England,Worcestershire,['Worcestershire'],-2.2094,52.2129,4,0,0,0,4,0,0,0,0,0,0,0,0,0,0,0,Wild
Wild.Clutch.345,2024,Eurasian Curlew,Numenius arquata,Grassland,England,Worcestershire,['Worcestershire'],-2.2094,52.2129,3,0,0,3,0,0,0,0,0,0,0,0,1,0,2,0,Wild
Wild.Clutch.346,2024,Eurasian Curlew,Numenius arquata,Grassland,England,Worcestershire,['Worcestershire'],-2.2094,52.2129,4,1,0,0,0,0,3,0,0,0,0,0,0,0,0,1,Wild
Wild.Clutch.347,2024,Eurasian Curlew,Numenius arquata,Grassland,England,Worcestershire,['Worcestershire'],-2.2094,52.2129,4,4,0,0,0,0,0,0,0,0,0,0,0,0,0,4,Wild
Wild.Clutch.348,2024,Eurasian Curlew,Numenius arquata,Grassland,England,Worcestershire,['Worcestershire'],-2.2094,52.2129,3,2,1,0,0,0,0,0,0,1,0,0,0,1,0,2,Wild
Wild.Clutch.349,2024,Eurasian Curlew,Numenius arquata,Grassland,England,Worcestershire,['Worcestershire'],-2.2094,52.2129,4,0,0,4,0,0,0,0,0,0,0,2,2,0,0,0,Wild
Wild.Clutch.350,2024,Eurasian Curlew,Numenius arquata,Arable,England,NA,NA,NA,NA,4,0,0,4,0,0,0,0,0,0,0,0,1,3,0,0,Wild
Wild.Clutch.351,2024,Eurasian Curlew,Numenius arquata,Grassland,England,Worcestershire,['Worcestershire'],-2.2094,52.2129,4,3,1,0,0,0,0,0,0,0,1,0,0,0,1,3,Wild
Wild.Clutch.352,2024,Eurasian Curlew,Numenius arquata,Grassland,England,Worcestershire,['Worcestershire'],-2.2094,52.2129,4,4,0,0,0,0,0,0,0,0,0,0,0,0,0,4,Wild
Wild.Clutch.353,2024,Eurasian Curlew,Numenius arquata,Grassland,England,Worcestershire,['Worcestershire'],-2.2094,52.2129,3,0,0,0,3,0,0,0,0,0,0,0,0,0,0,0,Wild
Wild.Clutch.354,2024,Eurasian Curlew,Numenius arquata,Grassland,England,Gloucestershire,['Gloucestershire'],-2.1524,51.8197,4,2,0,0,0,0,2,0,0,0,0,0,0,0,0,2,Wild
Wild.Clutch.355,2024,Eurasian Curlew,Numenius arquata,Grassland,England,Gloucestershire,['Gloucestershire'],-2.1524,51.8197,4,2,2,0,0,0,0,0,0,2,0,0,0,2,0,2,Wild
Wild.Clutch.356,2024,Eurasian Curlew,Numenius arquata,Grassland,England,Gloucestershire,['Gloucestershire'],-2.1524,51.8197,2,0,0,0,2,0,0,0,0,0,0,0,0,0,0,0,Wild
Wild.Clutch.357,2024,Eurasian Curlew,Numenius arquata,Grassland,England,Worcestershire,['Worcestershire'],-2.2094,52.2129,2,0,0,0,2,0,0,0,0,0,0,0,0,0,0,0,Wild
Wild.Clutch.358,2024,Eurasian Curlew,Numenius arquata,Grassland,England,Worcestershire,['Worcestershire'],-2.2094,52.2129,4,0,0,4,0,0,0,0,0,0,0,1,0,0,3,0,Wild
Wild.Clutch.359,2024,Eurasian Curlew,Numenius arquata,Grassland,England,Worcestershire,['Worcestershire'],-2.2094,52.2129,3,0,0,0,3,0,0,0,0,0,0,0,0,0,0,0,Wild
Wild.Clutch.360,2024,Eurasian Curlew,Numenius arquata,Grassland,England,Worcestershire,['Worcestershire'],-2.2094,52.2129,3,0,0,0,3,0,0,0,0,0,0,0,0,0,0,0,Wild
Wild.Clutch.361,2024,Eurasian Curlew,Numenius arquata,Grassland,England,Worcestershire,['Worcestershire'],-2.2094,52.2129,4,0,0,0,0,0,4,0,0,0,0,0,0,0,0,0,Wild
Wild.Clutch.362,2024,Eurasian Curlew,Numenius arquata,Grassland,England,Worcestershire,['Worcestershire'],-2.2094,52.2129,3,0,0,0,3,0,0,0,0,0,0,0,0,0,0,0,Wild
Wild.Clutch.363,2024,Eurasian Curlew,Numenius arquata,NA,England,Cumbria,['Cumbria'],-2.9021,54.6364,4,0,0,0,4,0,0,0,0,0,0,0,0,0,0,0,Wild
Wild.Clutch.364,2024,Eurasian Curlew,Numenius arquata,Grassland,England,Cumbria,['Cumbria'],-2.9021,54.6364,4,2,2,0,0,0,0,0,0,2,0,0,0,2,0,2,Wild
Wild.Clutch.365,2024,Eurasian Curlew,Numenius arquata,Grassland,England,Cumbria,['Cumbria'],-2.9021,54.6364,4,4,0,0,0,0,0,0,0,0,0,0,0,0,0,4,Wild
Wild.Clutch.366,2024,Eurasian Curlew,Numenius arquata,Grassland,England,Cumbria,['Cumbria'],-2.9021,54.6364,4,4,0,0,0,0,0,0,0,0,0,0,0,0,0,4,Wild
Wild.Clutch.367,2024,Eurasian Curlew,Numenius arquata,Grassland,England,Cumbria,['Cumbria'],-2.9021,54.6364,4,0,4,0,0,0,0,0,0,2,2,0,0,2,2,0,Wild
Wild.Clutch.368,2024,Eurasian Curlew,Numenius arquata,NA,England,Cumbria,['Cumbria'],-2.9021,54.6364,4,0,0,0,4,0,0,0,0,0,0,0,0,0,0,0,Wild
Wild.Clutch.369,2024,Eurasian Curlew,Numenius arquata,Wetland,England,Cumbria,['Cumbria'],-2.9021,54.6364,4,2,1,0,0,0,1,0,0,1,0,0,0,1,0,2,Wild
Wild.Clutch.370,2024,Eurasian Curlew,Numenius arquata,Wetland,England,Cumbria,['Cumbria'],-2.9021,54.6364,4,4,0,0,0,0,0,0,0,0,0,0,0,0,0,4,Wild
Wild.Clutch.371,2024,Eurasian Curlew,Numenius arquata,Grassland,England,Cumbria,['Cumbria'],-2.9021,54.6364,4,3,1,0,0,0,0,0,0,1,0,0,0,1,0,3,Wild
Wild.Clutch.372,2024,Eurasian Curlew,Numenius arquata,Grassland,England,Cumbria,['Cumbria'],-2.9021,54.6364,5,5,0,0,0,0,0,0,0,0,0,0,0,0,0,5,Wild
Wild.Clutch.373,2024,Eurasian Curlew,Numenius arquata,Grassland,England,Cumbria,['Cumbria'],-2.9021,54.6364,4,2,2,0,0,0,0,1,1,0,0,1,1,0,0,2,Wild
Wild.Clutch.374,2024,Eurasian Curlew,Numenius arquata,Grassland,England,Cumbria,['Cumbria'],-2.9021,54.6364,3,0,0,0,0,3,0,0,0,0,0,0,0,0,0,0,Wild
Wild.Clutch.375,2024,Eurasian Curlew,Numenius arquata,Grassland,England,Cumbria,['Cumbria'],-2.9021,54.6364,3,2,1,0,0,0,0,0,0,0,1,0,0,0,1,2,Wild
Wild.Clutch.376,2024,Eurasian Curlew,Numenius arquata,Grassland,England,Cumbria,['Cumbria'],-2.9021,54.6364,4,3,0,0,0,0,1,0,0,0,0,0,0,0,0,3,Wild
Wild.Clutch.377,2024,Eurasian Curlew,Numenius arquata,Grassland,England,Cumbria,['Cumbria'],-2.9021,54.6364,4,4,0,0,0,0,0,0,0,0,0,0,0,0,0,4,Wild
Wild.Clutch.378,2024,Eurasian Curlew,Numenius arquata,NA,England,Cumbria,['Cumbria'],-2.9021,54.6364,3,0,0,0,3,0,0,0,0,0,0,0,0,0,0,0,Wild
Wild.Clutch.379,2024,Eurasian Curlew,Numenius arquata,Grassland,England,Cumbria,['Cumbria'],-2.9021,54.6364,3,2,1,0,0,0,0,0,0,1,0,0,0,1,0,2,Wild
Wild.Clutch.380,2024,Eurasian Curlew,Numenius arquata,Mixed,England,Cumbria,['Cumbria'],-2.9021,54.6364,4,4,0,0,0,0,0,0,0,0,0,0,0,0,0,4,Wild
Wild.Clutch.381,2024,Eurasian Curlew,Numenius arquata,Wetland,England,Cumbria,['Cumbria'],-2.9021,54.6364,3,0,2,0,0,0,1,0,0,2,0,0,0,2,0,0,Wild
